token,symbol,name,tg,website,xurl,iconurl,minter
0x74ded13443829a08eb912f7a7f4f1a0f3906d387,PLOCK,PepuLock,https://t.me/pepulock,https://pepulock.com/,https://x.com/pepulock,https://i.ibb.co/sdnKS7rR/photo-2025-08-10-19-18-09.jpg,0x281FE213ea63c264b58601baa58b218A42a0D97A
0xd42fabf08d04d1eb5c69f770c6e049832b69d788,HoRa,HolderRadar,https://t.me/HolderRadar,https://holderradar.com/,https://x.com/PepuHolderRadar,https://i.ibb.co/dwdyZxpS/HoRA.png,0x010541066e9f54b80723c81b8c44f170db0e19df
0xd2f958f110861bc0f8e8b0ad23096b11e8ce9233,VCOTC,VentureOTC,https://t.me/VenturePEPUofficial/,,,https://i.ibb.co/0VX5ffCW/Banner-3-Token.png,0x97cc38a7aa6df2352830a3dd228047d5fac597fa
0xdbf01e762a4b9a093c662e7c16c3b5cddafb11c1,UPAY,UnchainedPay,https://t.me/UnchainedPay_Official,https://unchainedpay.xyz/,https://x.com/UnchainedPay,https://i.ibb.co/wZGwcLJd/1000001649.png,0xfd0626e1d02c9b9e8767f5520fa2771adbadc456
0x2a37c7ebf93164490583ca52226b5b2b06ffac5c,MAXP,MAXPEPUTHEHOOD,,,,https://i.ibb.co/bjTktnhV/images-1.jpg,0x588d359fc3fce713e593b9748f39fe6b98085001
0x8f71975e3cebaf0a857fd6575c1278963f5b79d7,PBC,PEPUBIT,https://t.me/pepeunchained,https://x.com/pepunchainedsup,https://x.com/pepunchainedsup,https://i.ibb.co/wNygSJRb/PEPBIT-2.jpg,0x04016b8643ea4b21e7196050e2eb304b8212a563
0x0599a045a7e94a32466a3e60b681085444a5a297,$FLUX,$FLUX,https://t.me/fluxpepu,https://pepuflux.site/,https://x.com/Flux_Pepu,https://i.ibb.co/SXxPJrvR/flux.png,0x8bdf50818a5f29fed41b6dab9c24ba48c63138aa
0xcf9053e1d84ec9a6c8d0eddd0d2ab234bdd4be63,$PR,PepuRAID,https://t.me/PepuRaider/1,https://pepeunchained.com/,https://x.com/PepuRAID,https://i.ibb.co/tp4qYK9N/OXTse-FMC-400x400.jpg,0x3c1eb8f7b327f6454759a4b0c8dc7afc47b67410
0xa10ef3c7aabce556e3cbc66f14ee30a8d5982255,$Rosie,$Rosie,https://t.me/Rosie_Playground,https://rosie-arcade.vercel.app/,https://x.com/Rosie_vxms,https://i.ibb.co/xKxstt2c/logo.jpg,0xb4f3d3b4bcc4e1663ab7df58432b40f6bc92db83
0x464ebbac83e40af620bfb19d113b993ded5f0540,SUPEPE,Superpepe,,https://superpepe.io,,https://i.ibb.co/JF8SKthY/superpepe.jpg,0xdde18593add8e42ecab0b13b04463fbb9fc3528a
0xb67fe4172eb4e1af1eeb6e4d8e96d5319c38d9e8,MBHORA,The Man Behind Hora,,,,https://i.ibb.co/sJ3xZ9bn/IMG-8443.jpg,0x32cbf2b55c996079637b481e40d6a2244eda40b8
0xc77e40977a04982a8c0810c396d1c75c9b016152,MUSEUM,Pepu Museum,https://t.me/pepu_museum,https://www.pepu-museum.site,https://x.com/pepu_museum,https://i.ibb.co/zhzpmvMm/7a2c0ef3-24be-4eed-b40a-3ce0cc460c60.png,0x09aad1e42d324fbd9a72f27593fe08164f35acfb
0x24e3035bd955539c92e7e87c147103c551730143,TLD,The Last Dwarfs,,https://thelastdwarfs.com,,https://i.ibb.co/pvbrVW1z/Download.jpg,0xdde18593add8e42ecab0b13b04463fbb9fc3528a
0x4cf14fb64b979eb7630a20c0b2cd1f1689ab098c,Stars,Crypto All Stars,,https://cryptoallstars.io,,https://i.ibb.co/Tspsg44/krypto-all-star.png,0xdde18593add8e42ecab0b13b04463fbb9fc3528a
0xd8fb7c5159d5d979842bf852449983bf50343c57,SUP,Stumble Upon Rumble,,https://media.metacade.co/partners/stumble-upon-rumble,,https://i.ibb.co/ZRCYhLrH/stumble-upon-rumble-resized-e9e4ebbfa4.png,0xdde18593add8e42ecab0b13b04463fbb9fc3528a
0xe420012ffc71e52670eb260e73a2b1c1f0b1974a,MCADE,MCade,,https://media.metacade.co,,https://i.ibb.co/twjzJXth/Screenshot-2025-03-03-113230-750x430.png,0xdde18593add8e42ecab0b13b04463fbb9fc3528a
0x5246014404af8dea27857551f099c231b7595681,JYAI,Jerry The Turtle by Matt Furie,,https://jerrytheturtle.com/,,https://i.ibb.co/BV9HXFSn/JERRYJYAI.webp,0x8ce613fcae0af78e0c73341cbf28a1aad3df8f4c
0x95cb78e321638073ba5c42c40ff8ff7344cd9187,SPARK,SPARK,,https://pump.fun/coin/5zCETicUCJqJ5Z3wbfFPZqtSpHPYqnggs1wX7ZRpump,https://x.com/KevinAFischer/status/1952521371134959800?t=ibE2dPp-iSbm77Tr76AnN,https://i.ibb.co/394nR9kh/spark.jpg,0xd928e15284c243db39e6bc063efaf457d45b9a71
0xfd298778e52f46a0246bef32215c5e2ce2362a6f,IBIZA FINAL BOSS,Jack Kay,,https://www.independent.co.uk/life-style/ibiza-final-boss-jack-kay-b2803651.html,,https://i.ibb.co/v6Zmsvjy/1000269770.jpg,0xed2f7eaf9b513e26f4e2296e968c5c96c5b86bcf
0xaeb1be6216c0349ade28864aa8dccb1356f2a6a2,Pepu-finzo,finzo digital,,https://finzo.digital/,https://x.com/Finzo_Digital,https://i.ibb.co/274bJYTM/f111112.png,0x253c6b0566b76fdaeddb5b609b0ed10a48b8467b
0x901db3533a321e64f3da4468138935ed01e19345,PSTARS,PepuStars,,www.pepustars.com,,https://i.ibb.co/B28t0vrY/l-1.png,0xd1989b68a3b33d0b4f339a7ef786fac54912fc1e
0x28dd14d951cc1b9ff32bdc27dcc7da04fbfe3af6,$SPRING,Springfield,https://t.me/PenkSpring,https://www.pepu-springfield.com/,https://x.com/PEPUSpring2025,https://i.ibb.co/RkSwQvPy/photo-6001102308437511107-y.jpg,0x23d26298248ffcc71f49849fa0beb8e30a2bde6c
0x1af6790033a85e9f4cff43bbebb980e6138794a1,MAFIA,penk MAFIA,,,,https://i.ibb.co/sdk4YkQg/344831-D0-0-D6-C-458-D-A271-59681-C595-E89.jpg,0xfbf7bb09720ef967129a46c1e98762050552810b
0x4d413d5a73a524e4096d84b2cf7cb813a8333393,WUF,Wuffy,,,,https://i.ibb.co/ZRHsVgxk/c074a90c-116f-4c1c-ae84-3c6de142f53e.png,0x2f4f0fa9201a4f36044dc6d27de29b8dc4ad5bef
0x8931e6c0bf358d125d00017e142e3056f955db4a,BONK,Bonk,,https://bonkcoin.com/,,https://i.ibb.co/yFBBQZyc/bonk.png,0x2f4f0fa9201a4f36044dc6d27de29b8dc4ad5bef
0xdf86fb3b85b5306eb4b1d7c5d2d50800074673ea,HTP,HideThePainHarold,https://,https://hidethepainharold.com/,https://,https://i.ibb.co/rftCsNJR/E9-ORF9f-Xs-AQzh-Vv.jpg,0x97cc38a7aa6df2352830a3dd228047d5fac597fa
0x0fd9e986bfbb0724984e8da87e45e9ebb2f4d7c8,$KURO,Kuromi,,,,https://i.ibb.co/7NdV1ccd/Sin-t-tulo.png,0xb1a8f8f34b8754a5db4a02b5dcb35ec9223c1324
0x421402ffc649d2ba0f2655c42bcd1e7dcc6f3970,FINPEPE,Finnish Pepe,https://t.me/finnish_pepe,https://finpepe.com/,https://x.com/finpepee?s=21,https://i.ibb.co/xqYRF7DS/IMG-6344.jpg,0x8173c277af38e53c44b3edeb0d0ceaf15a54d9bf
0x910c1acdbefc866f2cb2c482e044582e44395152,Booost,Bobby Booost,https://t.me/PepuBobbyBooost,,https://x.com/PepuBobbyBooost,https://i.ibb.co/zhF5LhbV/od4yy-KWS-400x400.jpg,0x865fff8c6ff75607c2c051411ad88bedc28f9136
0x583f86b8bbc57ce57cfe49b1105befac41aaaa73,$PMG,PMG,https://t.me/PEPUMEMEGENERATOR,https://pepumemegenerator.fun/,,https://i.ibb.co/Q77mVbsc/PMG.png,0xcfcb7a2e6b9d7e6c190c3b9bb2e36e9802651592
0x3b9a441472c1965214e4e574875773b486c41172,PAN,Peap Ascencion,,https://pepeascension.com,https://t.me/pepe_ascension_portal,https://i.ibb.co/zWv0tkdW/0fd99f9a2470937913049c1cb39399f9.png,0xdde18593add8e42ecab0b13b04463fbb9fc3528a
0x80ac79209549f2d7ca1f1e52f730113ef56d6ff6,WWP,WINWINPAY,https://wpyli.com/Y3Jpc3Rp,https://wpyli.com/Y3Jpc3Rp,https://wpyli.com/Y3Jpc3Rp,https://i.ibb.co/ksppBLkG/wwp.jpg,0x04016b8643ea4b21e7196050e2eb304b8212a563
0xa2349a7930fa3b3b53e02316989182bd6ed53775,PHR,Pepe Heimer,https://t.me/pepeheimerofficial,https://pepeheimer.io,https://x.com/heimer_the_pepe,https://i.ibb.co/Q758NP1G/oxqq-C2nt-400x400.jpg,0xdde18593add8e42ecab0b13b04463fbb9fc3528a
0xefd166899b74e86775f3d07112de50cb81cdcc55,CORN,Popcorn Games,,,,https://i.ibb.co/DgvCZc1h/IMG-4833.jpg,0x2fff69d7b1e048d5fcc835e77d7d443e6a1c03f5
0xaf94671b85cd02303df344e2150505656fc70b4a,PMC,Pepu's Magic Casino,,https://magicbetting.be/,https://x.com/PepusMC,https://i.ibb.co/ks7WqK8h/94a5bef9-9f97-4540-ba03-dd082c14e699.png,0x4117aeb4e8beeb7dfe37af6a0ccfc526ec2ba2f6
0xa4e166dcc86ec754eaa4a49b557b319fe51de988,$SHILL,SHILL,,https://www.coinshillers.com/,https://x.com/CoinShillers?t=5qJgChMqtU-ofIled0CG-Q&s=09,https://i.ibb.co/yBWHGSqX/1000127361.png,0xf8e8cf6d5c860ba0430bfcf52d589b9eadc210eb
0x5103a59049636dcc123a8dec7c5bab96ead9c2d0,SNIPED,Sniper,,,,https://i.ibb.co/TBK9q0vv/sniper.jpg,0x2487c48205b2dc07cddd0b2b67bf105384c4c22f
0xc60a507756f5e092c36c858a2a7703f120630a23,MIA,Mia Ai,https://t.me/mia_ai_chat,http://miaai.fun/,https://x.com/MiaLovesAi,https://i.ibb.co/mVr3Wvb3/freepik-a-digital-painting-of-a-caucasian-woman-around-21-95395.png,0x08f5578b42c6b78190d33f50cad85a14a10185a9
0xa1613e97d55ea16f4f5359139e5d9e550f0d73a0,PEPJ,PEPUJESUS,https://t.me/+WhD_O7NUKtUyYzg1,,,https://i.ibb.co/5WRJG7qX/IMG-3358.jpg,0xbc70638c485d2aa9c07277eacf15ae9d0b506941
0xe8f1d533ce13463ac4d208568b24d2c5af9b0db7,BRO,Brodo Beats,https://t.me/de_album,https://youtube.com/@de-album?si=mvil-mmnbMothmdi,https://x.com/dealbum_?s=21,https://i.ibb.co/1wNN9R4/869908-D9-2197-474-B-92-AE-C25-F356-B80-FB.jpg,0x4b912919e19f37f01fe9e72afceb1d215c06f220
0xac1ed1b1ea9e816e02380c4f5dd9c40b0bdf9f7b,$PMG,Pepu Meme Generator,,https://pepumemegenerator.fun/,,https://i.ibb.co/ynxH2K6b/PMG.png,0xb1a8f8f34b8754a5db4a02b5dcb35ec9223c1324
0x29377129e4c8a91563e11adefd69bd791d6f6116,HPP,$HELPPEPE,https://t.me/HELPPEPE,,,https://i.ibb.co/1G9r1RBn/Pepe-mit-Megaphon-und-Logo.png,0xdd37b94e9a8ad0f058d73c9e71742cc79f6e6a8e
0xd1262e289d82c9f6cf833f08068cce74abc017d3,CJ,Here we go again,,,,https://i.ibb.co/x8DWLkKF/IMG-4379.jpg,0x4b912919e19f37f01fe9e72afceb1d215c06f220
0x8ac200c4884bef668acbbefa94f2c749788477ad,exc,Excalibur,https://telegram.com,https://www.google.com,https://x.com,https://i.ibb.co/2Xv11ZV/00c2207d-3462-44c4-a298-9f72cead3003.png,0x2511d9d860546175fcd56b3a91477261f6bfcca1
0x17309d9cf30c75abf1e063a4b075ee5c9439ba4a,$SFT,Skill,https://t.me/+GQ3-7eblbTY2ZTA0,,,https://i.ibb.co/sJNZDMMg/logo-SFT.png,0x109c08e78144871bf25768401f1dead08b5235bc
0xf2c54960db4a1e640ebe9043af178fc58f3ecddb,TST,Test4,,,,https://i.ibb.co/G3Fm6Ttm/test.png,0x32ec35e292e80c5995a83a23c10f1c7dc31cdd39
0xf25adc7cc49d1155bfc49a0ee79d25d0c43f803e,tst,test3,,,,https://i.ibb.co/G3Fm6Ttm/test.png,0x32ec35e292e80c5995a83a23c10f1c7dc31cdd39
0x486e8273c04215049defd70302e3d236b2b27adc,BRUH,Z3 is testing the new Feature,,,,https://i.ibb.co/TDN6kn8q/an1.png,0xe5265760104862fc0dff859645891b118d4676fb
0x6d5f5fbc0d728246bf193f94f17127a14ce5aab7,tst,Test,,,,https://i.ibb.co/ZzrHhkz4/image.jpg,0xdbe611339c7cfd5216460fcf7c95f1c8c6a90557
0x0f31afa7068c31c95cb0ba3bda7621de1b9970d5,NBF,NEXARISFAKE,,,,https://i.ibb.co/svPdtHh5/18f793f7-d898-408a-9901-3ee8aebb088d.png,0x32ec35e292e80c5995a83a23c10f1c7dc31cdd39
0x0239284c17de1b1fc766f1e012dce6e691750010,NXS,Nexaris,,https://www.nexaris.com/,https://x.com/NexarisPay,https://i.ibb.co/HT56LjNP/70115f5f-c727-4daa-9b43-1d4fd4b5aabe.png,0x32ec35e292e80c5995a83a23c10f1c7dc31cdd39
0xd495cf36a67233c427d12ff8c9d51815fe3e0838,Gr33dyPEP,Gr33dyPEP,,https://pepeunchained.com/,,https://i.ibb.co/2XY4Wy6/1d69093e391a45c1a32a1dc2b5efd26b.png,0xa427305648ad5227098812eda6ff82d980b2dbbd
0xc8caca1f5e7c45ad11bd470191fdaa808b14767b,METEOR,M E T E O R,,https://meteor-42.xyz,,https://i.ibb.co/4Zy3WwpG/45640.jpg,0xf48dc9f255644ea1be00f459b269e853d3fdf2fb
0xf548a177f50c4be31dcd5762d07aa98c6ecf1d4e,JONNY,Locker Room,https://t.me/jonnyslockerroom,,,https://i.ibb.co/qMv1yr0f/IMG-8171.jpg,0x82daf45b3616a31d72f74ec719bddf2374983790
0xb91ce6447dfdd5c56f12d68a2fd2d2e68e4be955,prettyPEPU,prettyPEPU,,https://pepeunchained.com/,https://x.com/pepeunchained,https://i.ibb.co/tPFTnhQR/pepe-the-kawaii-frog-by-junoartss-df4q9qg-pre.jpg,0xa427305648ad5227098812eda6ff82d980b2dbbd
0x035a14946c327144c405456496cdc391b1cf1db0,$Kra,Kra,https://t.me/+JMoCqqng4PtmZWI0,,https://x.com/kra_parrot?t=xTG2U4G_8q0jrs85F_MK1Q&s=09,https://i.ibb.co/6RrKm8cS/Parrot-Kra.png,0x109c08e78144871bf25768401f1dead08b5235bc
0x9012edfb05d1a6d73746bc22822372f4b74acd06,KING,KING CARROT,https://t.me/PumpPadKingCarrot,,https://x.com/KingCarrotPEPU,https://i.ibb.co/JjH4NqFg/0afacf4e-8abc-4279-a395-c5ea296fe222.png,0x4aeba24f1b72bce63a3513d84f7caafa8912a2ea
0xadb1ce2ce3e97ebd6b0307c92c426b78bce3ae5b,pumpPep,pumpPep,,https://pepeunchained.com/,https://x.com/pepeunchained,https://i.ibb.co/7thjXms4/sticker-copy-2.jpg,0xa427305648ad5227098812eda6ff82d980b2dbbd
0x0bf27b60daf6524a0b3dcfc7282238b743e5fcb0,$UNSTAKE,Unstake,,https://www.tickcounter.com/countdown/7693704/unstake-200k-mc,,https://i.ibb.co/VFGJwBV/UNSTAKE-2.png,0x1c41c99a5c29245a25ede9020e3ce561adaecff3
0xd7cc5cf44f2b50156dafa7400fd613f6f4c76fc5,Messi,Messi,,https://www.youtube.com/@magical_messi,,https://i.ibb.co/sprL3XLV/messiiii.jpg,0x218a33e40e147907bcd2d47f7ca3c519f58f742e
0x1b4f32da513a0ff5fd7461ef79d3b365579caeec,$take,Pepu Stake,,https://pepustake.xyz/,,https://i.ibb.co/vvkXMWTt/pepustake.png,0x13306f057387d859dae330d7ea5441244102e1e9
0x8746d6fc80708775461226657a6947497764bbe6,$VAULT,PEPU VAULT,,,,https://i.ibb.co/S7ftvj8R/B8-BB867-F-CA0-D-4626-A369-B4849-EC15-C14.png,0xc96694bea572073d19c41aa9c014dd3c7c193b8e
0x496f219456f187daef38c3ff83ef7af6bac045ee,MARS,MARS,,,,https://i.ibb.co/V04DV86r/Chat-GPT-Image-13-juil-2025-a-19-06-49.jpg,0xa7d20a71629c08197fb873f18f794af3ed0fdaab
0x217267f5a1db08dbdafefb391103484918258d52,GNRL,General,https://t.me/+Hgz3_TaxQbZhMmIy,,https://x.com/legend_general_?s=21,https://i.ibb.co/XfJLqb8y/CF342-F36-4-F50-411-C-870-B-CE8-F70-C86238.png,0x52b719f785189334ad2dc6a146141045a4e11a7a
0x65dbaf52a8dd0e731b4d340c91e66053a8903f2e,$VAULT,PEPE VAULT,,,,https://i.ibb.co/S7ftvj8R/B8-BB867-F-CA0-D-4626-A369-B4849-EC15-C14.png,0xc96694bea572073d19c41aa9c014dd3c7c193b8e
0x4bf896ca96993f4bfae794348f4c74f3d5049807,Rose,@RoseBot,,,,https://i.ibb.co/Lz21vXk2/Rose.jpg,0x109c08e78144871bf25768401f1dead08b5235bc
0xcd01cfbb4e27f4a8de6371a18e1989e02f6465a9,PUS,PusyCatt,,,,https://i.ibb.co/whcbkJz8/file-00000000d408624399ea832426dee16a-1.png,0xd98bf82e524c62976aa5e443c6ae026e13ebd8f1
0xb7fbb045a14a5d7d6e55dbbf7005ec138eaddde9,YASH,YASHIX,https://t.me/YashixLab,https://yashix.com,https://x.com/YashixLab,https://i.ibb.co/whwjrtdC/1000039831.jpg,0x00ce3411ee12ec80993305bfa671a1a718836299
0xe15f952fd45c810dc365acf240589860db1d3095,AP,America party,,,,https://i.ibb.co/rh040w1/America-Party.png,0x27198731cc2f0258ec024de7a68cf879f3e491d1
0x9f8cd6824f758c7b2f34cc8a58493e0a66089e51,VCPX,Venture PEPU X,t.me/VenturePEPUofficial/1679,,,https://i.ibb.co/YFjs1173/vcpx-final.png,0x76bd1c26d6fa6be1245074541bae89043e9a2763
0xf77af4b2e30006813da4464e48c5b512bb1375fb,HFLY,hOUSEfLY,,https://www.housefly.de,,https://i.ibb.co/LXRFnJZb/Logo-h-OUSEf-LY-V1.png,0xdd1d985a7cf615e73a93b21ddc933836ad1b94df
0x812a4653da823eb06977b87a07a7f8691eb307c3,PEPEXAI,PepeX-AI,https://t.me/+KlpsqYINaDgyMzVk,https://pepex-ai.com/,https://x.com/PepeXai411,https://i.ibb.co/Nnn3tcqj/7bdcf381-cc6b-4cd8-b7b7-d898984b4c93.jpg,0x7ad973eb816ef98e1c82c78f5c9672062520fa95
0x785f1c97005a1ff0c2eba733a42c93d2dc3c512e,PEPEXAI,PEPEX-AI,https://t.me/+KlpsqYINaDgyMzVk,pepex-ai.com,https://x.com/PepeXai411,https://i.ibb.co/Nnn3tcqj/7bdcf381-cc6b-4cd8-b7b7-d898984b4c93.jpg,0x5275720a8f752fd42e2ab7e3114c79292932efa3
0x03339d1c84b27bdb0d5cd7f2e1400923f08d577c,Wenai,Wen peepex-ai,,,,https://i.ibb.co/DgGLN02D/IMG-0817.jpg,0xde4f611369ea72cfe33a257e3726913c700e2cba
0x98ee1cccf25f435462625dbe23e8d579ad90e33d,PEPEXAI,PEPEX-AI,https://t.me/+KlpsqYINaDgyMzVk,pepex-ai.com/,,https://i.ibb.co/QjpYsZTQ/IMG-6180.jpg,0xe6e81d3c094f47c71a1f351fedda96a9cebf91b7
0x7927c8b06b586b03845a706d3f6301ceea923b68,LUH,LUH: The Glacial Prophet of 2027,,,,https://i.ibb.co/WNLhLNFm/inline-1.jpg,0x64f99b1e40f3f1cb55748cade8d42765874f9c8d
0x781e91fc2e5bb59dd0100d2fda17a994e40e6387,PV2P,Pepu V2 Pro,,,,https://i.ibb.co/ycpvYbRx/1000286415.jpg,0x58cd37ab597955722a8897188ae0878a65c520cf
0x105bd7ed501d9165d20c6199d1aae1c31b2144ce,PepeX-AI,PepeX-AI,https://t.me/+KlpsqYINaDgyMzVk,https://pepex-ai.com/bots/,https://x.com/pepe_xai,https://i.ibb.co/20h7SBRV/IMG-6180.jpg,0x2487c48205b2dc07cddd0b2b67bf105384c4c22f
0x5f04ba2d45b3f9f737d5a9dc10a24a8575e86ed4,PEPEAI,PepeX-AI,https://t.me/+KlpsqYINaDgyMzVk,https://pepex-ai.com/bots/,,https://i.ibb.co/GfNscmhn/IMG-8462.jpg,0xbc19444b7b9d57b442e7a290c93d0c2b3bdaad5e
0xad9a2a5f091e7db9cf2d2bfcdebc5580391317a3,PPC,PepuCoin,,,,https://i.ibb.co/TxLTF4dZ/Chat-GPT-Image-8-lug-2025-17-38-24.png,0x5989076d0038a2af7e255195cfc19e081fde32d6
0xec30317eb021d875169b41301ee993b44de640c8,PBOT,Cyberpunk Pepe,,,,https://i.ibb.co/6RYQdNQC/eines-futuristischen-mechanischen-frosches-abstrakte-kroete-tier-3d-illustration-im-cyberpunk-stil-9.jpg,0xdde18593add8e42ecab0b13b04463fbb9fc3528a
0x32178893e94441af111c1cc70b923f3238aac10d,DOGE,Dogecoin,,https://en.wikipedia.org/wiki/Dogecoin,,https://i.ibb.co/hJF8qWbf/Dogecoin-Logo.png,0x2f3431eaeb3d002b6f384a11fdc18eaa24b3b0a6
0x4920652c8d3e240ca6b9d802f1b7119b36e507e7,MOON,Moon Pepe,,,,https://i.ibb.co/2QVSxnv/IMG-3943.jpg,0x617f934e4ac7ff6900a6e0ad67a74413da5a4721
0x58fe33c75faec8d8276442026a412b1d58ed4d96,$Pboss,Pepu Boss,https://t.me/pepuboss,,,https://i.ibb.co/VpWXwHFr/1000285255.jpg,0x58cd37ab597955722a8897188ae0878a65c520cf
0x02be42698498bbeb808578bc4a106c8dbe1a3b0b,Frens,Frens of Pepu,https://t.me/+pL-b3hNHAcFiYWQ8,Https://www.frensofpepu.com,https://x.com/FrensofPepu?t=_tKCsqEJyc-chDOirl9yQw&s=09,https://i.ibb.co/Wv5GKzZ5/Gemini-Generated-Image-cenhhocenhhocenh.png,0x2ca43bd5e7d7dce13a26bf4fd5e7bb242e5cc43c
0xe044c082ac09b6d1a1662aa6516287fdaf3c93e6,$SMEME,SquidGame,https://t.me/Squidgamepampad,https://squidmeme.xyz/,https://x.com/SquidGame_01?t=D4gVwrKA6F-xQXg2EI6WYQ&s=35,https://i.ibb.co/vvjcPRHt/1000286138.jpg,0x58cd37ab597955722a8897188ae0878a65c520cf
0x1bf9fb701b4d32a9d65709f413392d3647da21ee,$SMEME,SquidGame,https://t.me/Squidgamepampad,https://squidmeme.xyz/,https://x.com/SquidGame_01?t=D4gVwrKA6F-xQXg2EI6WYQ&s=35,https://i.ibb.co/vvjcPRHt/1000286138.jpg,0x58cd37ab597955722a8897188ae0878a65c520cf
0xcfb311a27103b393da9a55f481d5b89d49c474b3,lie,Gameyard is fake,,,,https://i.ibb.co/DDsH8jv9/scam.jpg,0xead5f09229cc052a3a14857c9f2ecfe846ebf696
0x7511b805bc1d385caf6cc6c2ee6fd4885bd39082,MinionPEPE,MinionPEPE,,,,https://i.ibb.co/V0vL3c5v/f1c3e61d-5c29-41b7-8642-48431e8bf606.jpg,0xb1e7fe7bdc7a23ad34788851ca3825ba3b28c0cf
0xb289df42f5e9aed1b47c9e3a80ace533b387b113,PPtric,Pepelectric,,,,https://i.ibb.co/MysJ24yK/c8e1be79-d3ee-4888-9045-a62856880b37.jpg,0xb1e7fe7bdc7a23ad34788851ca3825ba3b28c0cf
0xd5ef374620e30966a2095f09705d138192b772c0,$TFG,TAMAFROGGI,,,,https://i.ibb.co/S7NszRSZ/1000010732.png,0x262a0879eb996a8c07e200ca7c576fba9ff5d799
0x21447c5a93c2c04c3c916ca9d31897eca8a601d9,"-98,-72","-98.97% old pepu, -72.66% new pepu",,,,https://i.ibb.co/Xx6MppqT/WTF.png,0x1c3470085ff2165c6dc5de8caa9a7555fa03b70c
0xfa31e3d4fc46c4083178c442e6282993a94ddfde,$WIFB,Kitty wif Bow,https://t.me/PEPU_KittyWifB,https://www.kittywifbow.com/,https://x.com/KittyWifB_,https://i.ibb.co/847WgJF6/kitty.webp,0x1c3470085ff2165c6dc5de8caa9a7555fa03b70c
0x184dc2a436767a1276002ec01a5e418801cb881d,Itchb,Itchy nuggets,https://t.me/pepeunchn/1,https://pepeunchained.com/,,https://i.ibb.co/vvV3n0m1/1000010731.png,0x262a0879eb996a8c07e200ca7c576fba9ff5d799
0x3e7f421dc6f79a0b9268f6c90ffc54a32cbe10e6,$ANON,$ANON UNCHAINED,https://t.me/+dI6AiKrLseI2ZmYx,,,https://i.ibb.co/spBHD4S5/1000018431.jpg,0x984537991ceccdcb89a89375723512f38aa61547
0x2cc70918b0b3deb6e79f2f49a4006702bbfad032,GRDM,Gridium AI,https://t.me/GRDMAI,https://soft-kitsune-3ee260.netlify.app,,https://i.ibb.co/tP8XvVPs/20250704130447.png,0xfee05b4ca7ccf9a90bb8d704ba2fa301ed883158
0x1bd83c09cde24b4c3e03fac48c16ad6556dc5637,$Pepdin,Pepe Di Nero,,,,https://i.ibb.co/7JGs9kDP/382-E4373-C8-CD-4-D9-C-A2-A8-DB37035907-B3.png,0x8526abb111458f6a225266f7ee471823df9d4e20
0x70f9b737a4edbcd78c890523ce118c5eca2b224a,MCW,MAGICAL CAT WIZARD,,https://www.youtube.com/watch?v=-_UTklXdI_c,,https://i.ibb.co/HTQQ36KJ/Qmd-Hd-B2roym2-DEx-GZZUu-Cf5vxm-Z6-WPbz-AB1zw-Cp-Tqmgs-Aj.png,0xeb324cc6fc0ce0cb48ec692450e3cb881badad18
0x687d50759b3952acaf00bbbfe70bb2eae2cd0a8b,quantum,Pepu Quantum,https://t.me/+3orajXQgHXFkZjE0,https://pepuquantum.com/,https://x.com/PepuQuantum,https://i.ibb.co/k6v1w6y9/logo.png,0xd3e12d701d4b625c3adaf3066c46f88bf8264457
0x94a702b1b8c825346d6bf9e91d3ca48a75c42fde,$LAND,LAND,https://t.me/pepulandworld,https://pepuland.com/,https://x.com/pepulandworld,https://i.ibb.co/fYpNq79w/token.png,0x607213db1efedf08a7e5dbb82041a9dd9d7f9a19
0x2b5b8c5ba2fcddb4209217112090866dc14f82aa,$LAND,LAND,https://t.me/pepulandworld,https://pepuland.com/,https://x.com/pepulandworld,https://i.ibb.co/fYpNq79w/token.png,0x607213db1efedf08a7e5dbb82041a9dd9d7f9a19
0xaa7914ae2c67f6e2cffbeab174556332ace30b74,FREAK,Free Diddy,,,,https://i.ibb.co/8gJtrJ0g/bafybeicpndganblb3vt4tz52eham5wo2clhikbwmm4szhba5sde42bpabm.jpg,0x10152871f5420de5b45fe53cc6eac10f7fa301b2
0x3da11abd95ca4c2338d09c433f2f0e1052f3b3cd,INOERA,INOERA,https://t.me/inoeraio,https://www.inoera.io/,https://x.com/_inoera,https://i.ibb.co/SD3KdQRK/Logo-pumppad.png,0x6546bb5c7a5c9072559ec49cc9f9d9abdb580754
0x0b52dfa17542f30f3072c53ca5061120c74d86e9,TOSH,TOSH,https://t.me/Toshtech,https://www.toshtech.xyz/,https://x.com/ToshTech_,https://i.ibb.co/VppB149G/1751185351145-3.jpg,0x72e1ffbaa541ab102ab1f508c4d5412e1289f31b
0xd9d3baf6a21567a1fcef12ca40087232e3b98763,TOSH,TOSH,,,,https://i.ibb.co/1tGH3GCv/tosh.png,0x9e37cf12051f9f42ac96a47ad2fa9430a8218897
0xa58f27137a9c0c57497878618e9015ab9b9da274,TRUMP,TRUMP,,,,https://i.ibb.co/DDhRZ8FN/Trump.png,0x9e37cf12051f9f42ac96a47ad2fa9430a8218897
0xe9029c6117202bc9e2657ff089351575f37cf6e3,BONK,BONK,,,,https://i.ibb.co/RkbC4HQw/bonk.png,0x9e37cf12051f9f42ac96a47ad2fa9430a8218897
0x3374c8234ac76b9f1740324861d7413e039e848b,PPDP,PEPUDUMP,https://t.me/pepeunchn/1,https://pepeunchained.com/,https://x.com/pepe_unchained,https://i.ibb.co/wZdGTs3r/pepudump.jpg,0x9e37cf12051f9f42ac96a47ad2fa9430a8218897
0x2e903307326730ac857dd012e00f7e42c1a77007,CRAZY MONEY,CRAZY MONEY,,https://www.crazymoney.fr/,https://x.com/CrazyCrazymoney,https://i.ibb.co/nqq2VDPZ/Preview.jpg,0xcbe08aa1e858445977b367e8948ff82a7be312e1
0x59ffa32152303cf8cc75e5630eb57ab3e1f2804e,JARS,Monkey Jars,https://t.me/Zenmonkeyhub,,,https://i.ibb.co/d4sxWkdn/57-B6-B144-099-E-4-BA8-A6-DA-F010-C0970-DD1.png,0x10477673814523c6901ebc50f0c64f7bbd9b9e1f
0x3eabe68fc5486e7211afc771514148c4333bb8e7,Tenn,Eala Pepikova,,,,https://i.ibb.co/p69MBzds/1000005330.png,0x823c67eac4328a65a35634fa724b0d2ebd80c72c
0xd31394cb797db3141c09eee2e82c7803f670e9d3,HAMBURGER,HAMBURGER,,,,https://i.ibb.co/DDgp66cw/hamburger.webp,0xcbe08aa1e858445977b367e8948ff82a7be312e1
0xe3521dbc4a3cbb24e39868e6041a394f5446dce3,PEPU JNR,PEPU UNCHAINED JUNIOR,https://t.me/pepeunchained,https://pepeunchained.com/,https://x.com/pepe_unchained,https://i.ibb.co/FbRnbKbz/pepu.jpg,0xcbe08aa1e858445977b367e8948ff82a7be312e1
0xdfc8c61bb36584210af9a21dd7134240f5c5a79b,MBD,Mash Burn,,,,https://i.ibb.co/5g2LNS3b/b0d62a9ccd3dae9c8335136f263fda14b21f7c15.png,0xdde18593add8e42ecab0b13b04463fbb9fc3528a
0x16bf81e1c2cbe79fc05e1b7e1bb72635b0709bad,Guard,PEPU Guardian,https://t.me/Guardianpepu,pepuguardian.org,,https://i.ibb.co/yvz8frL/3.png,0x0c0cac3d308fbb30c0914dfcbb1d3d24e72566f7
0x9fefc5a7276e29d016db9fc7e1fc4e8c8618aec3,PTRMP,PumpTrump,,,,https://i.ibb.co/jvMnp6w8/IMG-0442.jpg,0x0f52212f3c96a997e992fdb8dc8ebf44c935ce3b
0xd363277bd7986ecea1b72f1892893028ab5d28e7,FRAWGZ,F.R.A.W.G.Z,,,,https://i.ibb.co/fYW5C1Bs/1000016102.jpg,0x63ceecc578d8f6dfb382f22e8413747e3b54874a
0x3c96c4b485c3b636bac8802047a1ca2fef56e33b,PWOC,"Pepina, Warrior of Crypto",,,,https://i.ibb.co/1fMsmdFg/1000005297.png,0x823c67eac4328a65a35634fa724b0d2ebd80c72c
0xbbaabd8194fc834c99d077dccda0c6db77bc5cdb,COOPER1/10,Cooper1of10_relaxed,,,,https://i.ibb.co/DPMQFsKL/01.jpg,0x44affaab3756ca2dc93bcb0895b3bedadfa2328f
0x153b5ae0ff770ebe5c30b1de751d8820b2505774,DAWGZ,D.A.W.G.Z,https://t.me/PPDAWGZ,https://dawgz.watch/,https://t.me/PPDAWGZ,https://i.ibb.co/jkVj6LRt/photo-2025-06-23-07-59-08.jpg,0x645e5b4866fe93785a79efee1e5a13925d26a2a4
0x4f2f728cf0f99ac814a171897e3ecdabca3b73df,PMT,Pepu Marketing Team,https://t.me/pepeunchn,https://pepeunchained.com/,https://x.com/Pepe_Unchained,https://i.ibb.co/67JN8BYS/Gia-DKd-Xa-YAAto-NH.jpg,0xa2b954192c997bd85acc62cd48b51070bdf3c137
0x91e861bbfcfdc763a0f56e6a8dc5f1821ad0d467,$Croft,ClaraCroft,https://t.me/+BFnalnFzJwUwNmY0,,,https://i.ibb.co/d0LkmWxs/lara-croft-tomb-raider-2.png,0x109c08e78144871bf25768401f1dead08b5235bc
0x8692f70058ea21ea24815f14ad1e7be4276459ba,$Fart,Pepu Fart,https://t.me/PepuFart,https://pepufart.com,https://x.com/PepuFart,https://i.ibb.co/8nw0RNWw/1000039573.jpg,0x71542729a96c90c50ed38b63e4bd15ca73b8f545
0x1fcb909fd465f38929ffecc5886163cab60a02d7,WLFI,When lambo financial,,,,https://i.ibb.co/Nn1C44KV/1000172033.png,0xec5ba611698035ec054cde56981557975a5c0887
0xd311f1b98903d94287c84aa850cd511bd4f50e71,VANCE,Vancelings,,https://knowyourmeme.com/memes/jd-vance-have-you-said-thank-you-once,,https://i.ibb.co/S4Rsxt5h/JD-meme.webp,0x6bc0dd593c5085f8ecbcead00794f2420f6b116c
0x8a7a082e1ff2de4de6afd055502e5d7e9bddc7aa,Pgirl,Pepu Girl,https://t.me/pepugirl,,https://x.com/pepugirl,https://i.ibb.co/RkjRxW0p/222.png,0x2c601f21ad80d206d2d05b9cb207995bacb85ee5
0x6045ef10e0679a8f8f1b5e6415c492e783e3996b,LILY,LILY,https://t.me/pepeunchained,https://pumppad.gg/,https://x.com/pepe_unchained,https://i.ibb.co/PGKfJ5Tr/Gh28-WPmas-AAr5ed.jpg,0xbcc1274d6b492983b29052b9d56065fede02e229
0x00dbac89a0aa960d3ff8542f94af664cf57aeec6,E1,Eevie 1.0,,,,https://i.ibb.co/wNhj5L7v/1000005267.png,0x823c67eac4328a65a35634fa724b0d2ebd80c72c
0xd237a5e9330e7e21e6655e05e3e98854751b6d71,$Bond,"Bond, Pepe Bond",,,,https://i.ibb.co/0p1NLJqT/1000005266.png,0x823c67eac4328a65a35634fa724b0d2ebd80c72c
0x499d960fa3b6f4a02c0c902e8a2f6612e074217f,CYPEP,Cyber PepE,,,,https://i.ibb.co/4gCFhPDp/1000005262.png,0x823c67eac4328a65a35634fa724b0d2ebd80c72c
0xefc9689723b6c5f9948fb48a89589bfb75caf39c,COW,HoWLy CoW,,,,https://i.ibb.co/Vrpfwcw/IMG-0645.jpg,0xa9a288b3fa94417e9e72062076b738adfa71261f
0x3cb51202e41890c89b2a46bd5c921e2d55665637,DGT,Degen Time,https://t.me/+qPYvitimipNlN2Jk,http://degentime.io/,https://x.com/degentimeio,https://i.ibb.co/tTSMMCBX/degentime.png,0xd4d50ed5e19d32fd5e0ea50cf99d9232ac58c335
0x183f91c8f286df73faf548220416040e3e029324,BAYC,MARS APES,,,,https://i.ibb.co/QF0JYNww/Qmf-YCz-M5-MRs5crkezk-Xyf-YWc23-Bai-Ver-X88h6-Af-Lj-De-NGf.png,0x49b010d84cdcdd34d1f3dc185d9a8b5134ab79b1
0xef528d8db1bca0f0f8c63c78f62f692c1e449b94,PEPP,PEPE PUNCH,https://t.me/pepepunch_offical,https://www.pepepunch.com/,https://x.com/PEPU_PEPEPUNCH,https://i.ibb.co/VY58cXQL/37ad6828-ddc6-4bf3-b7a2-f5e56276f0ad.png,0x8ebd13c833a4b77b79ea2da72586d79adebe455c
0x0efe5a6977cb3a2a3aa98b5f35ceeefc3761c796,PEPP,PEPE PENCH,https://t.me/pepepunch_offical,https://www.pepepunch.com/,https://x.com/PEPU_PEPEPUNCH,https://i.ibb.co/VY58cXQL/37ad6828-ddc6-4bf3-b7a2-f5e56276f0ad.png,0x8ebd13c833a4b77b79ea2da72586d79adebe455c
0x46856ad51bf039c2dd1aa5efabf2f815e229b21d,D&G,DOGE&GABBANA,https://t.me/+6_6KzQy5tQI4N2Y0,,,https://i.ibb.co/27Ljtbc8/IMG-7548.jpg,0xcd309492ff03887b48601169e4d5b61e150e04eb
0x4094733d8bcc4abedb651732485024478d519641,WOa,War Of Ants,https://t.me/warofants,https://warofants.games,,https://i.ibb.co/DfwDhtJV/images.jpg,0xdde18593add8e42ecab0b13b04463fbb9fc3528a
0x2506a6f5006a458a77940490b6f0b57a3bc78f41,$TREND,PEPU Trending,,,,https://i.ibb.co/WdgxBwq/Chat-GPT-Image-May-31-2025-02-47-09-AM.png,0xb66c70223d068a5e20eb5ea1646ec53c1f2fc0ce
0x831faac3b1babf6e36d1240aa49a09eac29463bf,SPEPE,SPECIAL PEPE,t.me/SPEPE11,https://specialpepe.onsol.fyi/,https://x.com/spepe_pepu,https://i.ibb.co/7xYYJjvx/SPEPE-1.png,0x8214fa2f7de6e08d410aa548c50943c3789d8e0f
0xe5a50027c0d824d2228dc8a09428a023081ebc70,$UBan,Unban,,,,https://i.ibb.co/YB1fPvP4/1000005254.png,0x823c67eac4328a65a35634fa724b0d2ebd80c72c
0x53e7e320666f2f3bf5978ab7edafc6d1efeb8072,$ARPep,$AdamRose,,,,https://i.ibb.co/Y4SRN3Q3/Adam-Rose.jpg,0x109c08e78144871bf25768401f1dead08b5235bc
0x3ec2581bd338c0df34e85676a5616c99fb43cd50,NOTH,Nothing,,https://nothing-token-pumppad.github.io/-nothing/,,https://i.ibb.co/0pH2Yfrr/Nothing.png,0x597fa014e898e0553b7ada35fee3012428afb4a6
0xea85f6961e1d5e1da109caca04599cd5a823a3bb,NOTH,Nothing,,https://nothing-token-pumppad.github.io/-nothing/,,https://i.ibb.co/0pH2Yfrr/Nothing.png,0x597fa014e898e0553b7ada35fee3012428afb4a6
0x260bae9f24177f4c1d01db2607e1bc9fff12b476,POT,PEPU of Thrones,https://t.me/pepuofthrones,,https://x.com/pepuofthrones?s=21&t=P73zhcyrTRAWb0gBBREtmA,https://i.ibb.co/7x1YHSr7/Chat-GPT-Image-26-giu-2025-11-46-15.png,0xb4b9607dff55286a21757f2bb55db727f1c5f597
0x6d59cd7045bbbf5a83ac41874f137ef39362cd8b,Juan,Obi-Juan,,,,https://i.ibb.co/HTS8kpxZ/1af29255-ca31-415c-84b7-a9e32267d091.jpg,0x4b912919e19f37f01fe9e72afceb1d215c06f220
0x567ebed20c35cad6382c1c4d5604c7c5315f032d,ADA,CARDANO,,,,https://i.ibb.co/205mYtjZ/CARDANO.png,0x8354dd9e3a8daa8c6875aec0b596c19b542982dd
0x35bc940f8a520e1fb6b15176b3504ecd1ad9c92f,NFOG,NeuralFrog,https://t.me/NeuralfrogAI,https://sprightly-unicorn-c6c0f0.netlify.app/,https://x.com/neural_frog?s=11&t=UmOe49PAdFcWlLRBPscQeA,https://i.ibb.co/nMRPSmWQ/d5798821-3edb-49cb-83e6-de908f3b0f78-1750220768866319273-tplv-a9rns2rl98-web-thumb-wm-avif.jpg,0x2929f73f11e4298ab750e3f7f6adfc79a288db5e
0x20e8ae2f47de220ffcd3338e7cda9f6e8d60baf3,PEPUSI,PEPUSI,,,https://x.com/Pepu_Pepusi,https://i.ibb.co/27zkMB86/IMG-9522.png,0x2985657e890039ce7f8336f76777447e82690278
0xf5f5a45f47e96bec62a741e6b8f6d7d0f7251461,PEPUSI,PEPUSI,,,https://x.com/Pepu_Pepusi,https://i.ibb.co/27zkMB86/IMG-9522.png,0x2985657e890039ce7f8336f76777447e82690278
0x473e280563fe023d45e256af977f2cce2d88638c,BOG,BOGLORD,https://t.me/BogLordR,,https://x.com/boglord25?s=21,https://i.ibb.co/8Lhf8VFL/6-D57-DADB-FCDA-4557-9-E53-30-C8-A820-D679.png,0xd57d76837bfc5b02dcecb9d41d0beb998c6e6100
0x5f8974172f353d6c255c89a7b92420d6357622f9,ToshLove,I love Tosh,,,,https://i.ibb.co/pv61xGQh/1000060993.jpg,0xe5265760104862fc0dff859645891b118d4676fb
0xa369c1c3cb28ccf9f1949f892ef032784775b812,PME,PepeMeme,https://t.me/pepeunchn/1,https://pepeunchained.com,https://x.com/pepe_unchained?s=21,https://i.ibb.co/cctDGvDZ/FCE00918-0-C5-A-47-DA-A61-A-51-D561-A3256-A.png,0x1afc11703fa0fbf5980143ddc282cc5f5edee746
0x77603a259817fb880c777961a6a3b69175c843dc,PEPUTHINK,THINK THINK THINK,,,,https://i.ibb.co/mFrWgFhx/Chat-GPT-Image-24-juin-2025-a-18-15-28.png,0x2483cf53b04021f1a3a3569bcef1adc4c75237ff
0x5291f8c5e01d7a0be777a0d9638b456f54b07f8a,$TAB,Tabby,,,,https://i.ibb.co/TxfyhfRD/1000005176.png,0x823c67eac4328a65a35634fa724b0d2ebd80c72c
0x1dfe44d04d4c2535b623cdad641ce8b32a7a7a27,$TAB,Tabby,,,,https://i.ibb.co/TxfyhfRD/1000005176.png,0x823c67eac4328a65a35634fa724b0d2ebd80c72c
0x59c9bac0e46fc302932c15e96d6eb7f80eb6daa6,CATHEREUM,CATHEREUM,,,https://x.com/CathereumFan,https://i.ibb.co/zVQfTDb3/1000037562.jpg,0xcbe08aa1e858445977b367e8948ff82a7be312e1
0x8a58176a94b632ecfa587b9fd4e805a7ac05689a,HPT,Horcrux Protocol Token,,,,https://i.ibb.co/1fhMHZ0x/1000088930.png,0x346d7a5a1df6bb5f98e107a722f0a85d4adfd7fc
0xcfac90e0d77235f537f79f078a3c9aced02ad151,TSP,THUNGSAPEPE,,,,https://i.ibb.co/5gKbQBYC/1000042276.png,0x836ba97e61deb44082dbc6aa1e9782e1d825b308
0x7165fa672bb4ac9adf4f671f4e5aef649e07dca3,Leia,Leia,,,,https://i.ibb.co/gpcXJRS/1000017866.jpg,0xda81c1e2a4869b0e761095a8168f9eff5b8026c6
0xd38f55d7f536c463b28733d64513900d25a4db4e,NMC,No Meme Coin,,,,https://i.ibb.co/Z6QFcbrQ/1000088923.png,0x346d7a5a1df6bb5f98e107a722f0a85d4adfd7fc
0xd530165665f69258613480c7d84def6852acfdc4,PIZZA,PizzaGuy,,http://pizzaguyarb.com/,,https://i.ibb.co/yFrQxxHv/IMG-3697.jpg,0xe0aa9ab4e44659328e3b893e652816444af93cdd
0xfd2c5ab5ca61823183c46e8884b0524f39960ca8,zomgPU,zomgPU,,,,https://i.ibb.co/W4Th2hCM/sticker-copy.png,0xa427305648ad5227098812eda6ff82d980b2dbbd
0x9d7098988f83fdf0bcf0e92a4e635e75041b2545,TTO,TheTaxOrange,,https://thetaxorange.xyz/,,https://i.ibb.co/spZWJJgs/79510b24-b409-4e10-8bda-aa87f8b77169.png,0x2f965c4b930a61c92f544f0fa9b5e6a207b84cc0
0x052053bf99b172d4b5901ec37c432b982efd402b,terrorism,Zerox is a pedophil3. pepu devs too,,,,https://i.ibb.co/nsQtVSGt/nik0.gif,0xead5f09229cc052a3a14857c9f2ecfe846ebf696
0x0660595072a6d7252f74afa4d2576b4c179f8595,LOKI,Loki Coin,https://t.me/+2DiFnBwf_rMwYzY5,,,https://i.ibb.co/XxMF8wVz/1000008029.jpg,0xf9595f6b6905a57c93ac9717d25bfd260a39b64c
0x5ac97d5e340a130c45b244d9633f60aacd9abe7c,WW3,WORLD WAR 3,,,,https://i.ibb.co/ksFKqGZD/IMG-5442.jpg,0xec40ef603eb4d18b9f491f9e92824c0130720f86
0x73e85d19e0c462b95edfa3441e2cf26df443d090,GOKU,SANGOKU,,,,https://i.ibb.co/B207nYPG/1000001922.jpg,0xe98b85fe35396096272d5a9dabc9a127814e144f
0x631420b5cd6342b3609e59e6e41b4c8aaddf93af,GYD,Gameyard,https://t.me/gameyardofficial,https://gameyard.pro,https://x.com/GameyardPvP,https://i.ibb.co/HTTMw8XG/Gameyard-logo.jpg,0x0f37a7193ac6dbccd1cc49393e5361e4968fe070
0x32773354d1cc2b527f10d9b41d7bf3fd30739551,LOL,Laugh Ledger,https://t.me/laughledger,,,https://i.ibb.co/cXD8DH1n/AA9-C9-F16-50-B5-48-D2-9-A7-F-4-AD72378-CF7-C.png,0x9f009f056dfdf0126b35abd1084eea454c5e3f01
0x2e709a0771203c3e7ac6bcc86c38557345e8164c,VCPEPU,VenturePEPU,https://t.me/+MPbGnIYEu7JmZGFk,https://will.come,https://will.come,https://i.ibb.co/wh5xpb21/375a5012-aec3-4e67-880c-287a9be29c4e.png,0x97cc38a7aa6df2352830a3dd228047d5fac597fa
0x054b4ac28e3beca7b9d54ad223ba94f169aa4cdd,TWOPU,The WORD of PEPE Unchained,,https://twopu.io,,https://i.ibb.co/KccCtKDR/TWOPU.png,0x378f79fb546f96872a5beccf2724e4c363df034b
0x6bcd6f8998e156dc1aad0b73059d6766edf2c62f,PLRTY,PEPULARITY,https://t.me/pepularity,https://zvjbbk7phynl5dxsqpsa43ajk3qwoktnedtyerhptopza64nz5ma.arweave.net/zVIQq-8-Gr6O8oPkDmwJVuFnKm0g54JE75ufkHuNz1g,,https://i.ibb.co/WvLhBpKv/34-BCB09-E-CA93-4448-9-D00-792-C82875224.png,0x9f009f056dfdf0126b35abd1084eea454c5e3f01
0xdb138933b25ea59487f0a57a72787888beff7d2b,POPCAPY,POPCAPY,https://t.co/6Irp1yAOO9,https://popcapy.com/,https://x.com/popcapytoken,https://i.ibb.co/WvcL6Vgm/1000051943.jpg,0x47807c45d0c58bc7af2c8fb7acc6129df3c83c97
0x3d6b39ecddaac128ae4172c2d1f6995528f6fc40,FROGROCK,FROGROCK,,,,https://i.ibb.co/8kr89Cf/4342-E91-F-F8-C7-41-DC-B18-F-1908694-B0-A46.png,0xa427305648ad5227098812eda6ff82d980b2dbbd
0xf2d68b2d91e94ba7277b74d61789ce2d7e25e325,WuPU,WuPU,,,,https://i.ibb.co/TQTTM8C/pepu-tang-clan.png,0xa427305648ad5227098812eda6ff82d980b2dbbd
0x03a2959ac7a9295545e7a2df5341c9b76b639e88,BEBE-plx,BEBE-plx,,,,https://i.ibb.co/LXsCTnjh/IMG-7832.jpg,0xa427305648ad5227098812eda6ff82d980b2dbbd
0x055e9b35342e33afc9351fe4d10d88b959480ed2,NTH,Nothing,,,,https://i.ibb.co/DDKBS5Pm/depositphotos-2328703-stock-photo-nothing-road-sign-with-dramatic.webp,0x73d61241621a604bf1be3fc0e324d7078d3235f3
0x6383315e261f0ac541b1739b48a53763d01c347f,Bebe,Bebe_eth,,,https://x.com/x_bebecommunity?s=21,https://i.ibb.co/WN9QmMgk/IMG-7832.jpg,0xc6a7c25d41a0c9d5c86418e34cc1b585bfc84c59
0x25ace75dba53e3dfd13814844f9b5de25d3ee499,CRYSTAL,DIAMOND HANDS,https://t.me/diamondhandsCRYSTAL,https://5hbv4ofbcdr3nw7kkgf32hsmlb2xcrhbnei5tnar2yiu5zsxy36a.arweave.net/6cNeOKEQ47bb6lGLvR5MWHVxROFpEdm0EdYRTuZXxvw,,https://i.ibb.co/HDKrDTvD/44-BAF161-0132-462-E-B539-75-E415-C92-D60.jpg,0x9f009f056dfdf0126b35abd1084eea454c5e3f01
0xe053e6234f889296ab84cccc130c4553299fbee7,LeaFy,LeaFy,,,https://x.com/Pepu_LeaFy,https://i.ibb.co/93bmxZLf/IMG-0963.jpg,0x2985657e890039ce7f8336f76777447e82690278
0x82144c93bd531e46f31033fe22d1055af17a514c,$PENK,PEPU BANK,https://t.me/Pepu_BANK,https://www.pepubank.net/,https://x.com/PepuBank,https://i.ibb.co/7JL4CW0z/Chat-GPT-Image-18-giu-2025-18-28-16.png,0x23d26298248ffcc71f49849fa0beb8e30a2bde6c
0x401670b13bd0bd5ec7690bb4840ab66ed3feb32f,GMAN,G-Man,,https://half-life.fandom.com/wiki/The_G-Man,,https://i.ibb.co/j2hYJCN/G-Man-HL.webp,0xfdee457afc440e9d3e09cbc50c640d905f9e576d
0xfb7fd60541e98737d4ede90b4b7e30d0165a07cf,$AIPEPU,AI PEPU,https://t.me/Aipepu,,,https://i.ibb.co/6cVBy5yw/AIPEPU-Telegram-Icon.png,0x9822b5b1a2da2e4799d5a183d86403774a14b491
0xe8612da18bae202451f7978d6f7abefa85fd3895,Scrooge,Scrooge,,https://study.com/learn/lesson/video/characters-christmas-carol-charles-dickens-scrooge.html,https://x.com/IMDb/status/1467931856607797257,https://i.ibb.co/KcxNzcrD/Scrooge.jpg,0x1a703b8ae63fb9b4d468aafad1fed78415e7506c
0x4e60135c040916fc763b2638bd69d0054e13359d,pedphilia,pepu dev has ch-ild p-ornography on his computer,,,,https://i.ibb.co/N6xHHhL1/nik0.gif,0xead5f09229cc052a3a14857c9f2ecfe846ebf696
0xd2dfe3bf82747c58da75a79e2d9bda7151cc905a,BOND,The Unchained Agent,https://t.me/theunchainedagent,,,https://i.ibb.co/wrYg21GM/756-D5787-D061-4-A05-B39-F-E13154-B9-E531.png,0x9f009f056dfdf0126b35abd1084eea454c5e3f01
0x449f09e8eca533177eec347d484f5ee19d718f6a,$SMF,Scrooge McFrog,https://t.me/+34oEETucb0E1YWFk,,,https://i.ibb.co/5WL8XWN9/5951988545658930173-kopia.jpg,0x22670ae3b09558785f98af2754d75d03b2a0ea91
0xda6f229907f2b05d554622ddc29a72298f4f61cb,$SMF,Scrooge McFrog,https://t.me/+34oEETucb0E1YWFk,,,https://i.ibb.co/5WL8XWN9/5951988545658930173-kopia.jpg,0x22670ae3b09558785f98af2754d75d03b2a0ea91
0x6b676f5d7825bbaf17f0b508c084baede1f853b4,Who,Whoswho,,,,https://i.ibb.co/jPVK6Pnm/6663-BB1-E-E8-F7-41-A3-BB88-441-B0-D71-A899.png,0x10477673814523c6901ebc50f0c64f7bbd9b9e1f
0x187d4a3f57995b22c1397118f8b2c248671dfff5,HOMER-NIG3R,THE SIMPSON [NIG3R edition],,,,https://i.ibb.co/WpDnnJ6p/kekekekekekek.png,0xead5f09229cc052a3a14857c9f2ecfe846ebf696
0x5c48dfadb9d7c8769e5731aca25c751582ce3c0f,TMM,Turtle Money Maker,,,,https://i.ibb.co/PvpcRcS2/turtle-moneyt.png,0xd4d50ed5e19d32fd5e0ea50cf99d9232ac58c335
0x0b71a57dbaffb25ece226e2b8a718f867860b07a,HOMER,THE SIMPSON,,https://simpsons.fandom.com/wiki/The_Simpsons.com,,https://i.ibb.co/Mxy9V631/002001.gif,0xec40ef603eb4d18b9f491f9e92824c0130720f86
0x8be5404b7d3f8c03522f9f2ff6fb55e98b844888,Devs,Thedevs,,,,https://i.ibb.co/zhbNrP2v/485-E2-B6-B-F7-A3-4-CA7-A8-D6-144-EAFCB91-FE.png,0x10477673814523c6901ebc50f0c64f7bbd9b9e1f
0x0d115bc8435489182cf6e2a880df55bc7bac14ab,Devs,Thedevs,,,,https://i.ibb.co/zhbNrP2v/485-E2-B6-B-F7-A3-4-CA7-A8-D6-144-EAFCB91-FE.png,0x10477673814523c6901ebc50f0c64f7bbd9b9e1f
0x949f07ebc6ab03477d56a1a056285dfdab1d24e9,POLICE-CALLED,pepu dev has ch-ild p-ornography on his computer,,,,https://i.ibb.co/KjYdGWRx/niko.gif,0xead5f09229cc052a3a14857c9f2ecfe846ebf696
0x18457495bcb1f751af62c17143398c68847cc6f1,scam,pepu dev has ch-ild p-ornography on his computer,,,,https://i.ibb.co/KjYdGWRx/niko.gif,0xead5f09229cc052a3a14857c9f2ecfe846ebf696
0xe0b47f7a2c878fdd364df64c8a4b381ba467a827,rug pull,pepu dev has ch-ild p-ornography on his computer,,,,https://i.ibb.co/KjYdGWRx/niko.gif,0xead5f09229cc052a3a14857c9f2ecfe846ebf696
0xa9f6cec11eec23d1e5592a5bedbd7d8b38a0e301,ricin-IED-explosive-bomb-terrorism,pepu dev has ch-ild p-ornography on his computer,,,,https://i.ibb.co/KjYdGWRx/niko.gif,0xead5f09229cc052a3a14857c9f2ecfe846ebf696
0x5914a998bd5dd7bc3b070abe325c485dfc702ef8,GUY,GUY,,,https://x.com/Guy_Pepu,https://i.ibb.co/HDG10VmR/GUY.jpg,0xdee6443fdeb2fb8ca929c298a5fdfebe8035037d
0xc7c38d71d3884c99177c5f8ce46150e4e1434b1c,PEPP,PEPE PUNCH,TBD,https://www.pepepunch.com/,https://x.com/PEPU_PEPEPUNCH,https://i.ibb.co/XrCkNbLR/Mask-group.png,0x8ebd13c833a4b77b79ea2da72586d79adebe455c
0x35a96282dbb7d8d0304a1c4c32a043c432aa5041,fraud,pepu dev has ch-ild p-ornography on his computer,,,,https://i.ibb.co/KjYdGWRx/niko.gif,0xead5f09229cc052a3a14857c9f2ecfe846ebf696
0x566143ca60b5a73ca596777222ba3b3f8f70a4a5,kill-president-nsa-fbi-dod,pepu dev has ch-ild p-ornography on his computer,,,,https://i.ibb.co/KjYdGWRx/niko.gif,0xead5f09229cc052a3a14857c9f2ecfe846ebf696
0xed11df32cb0adfb118965bd2fb04460e92430f04,terrorism,pepu dev has ch-ild p-ornography on his computer,,,,https://i.ibb.co/KjYdGWRx/niko.gif,0xead5f09229cc052a3a14857c9f2ecfe846ebf696
0x14f65b518f5f394690725a97ecac3b6136016e9e,child-rap3,pepu dev has ch-ild p-ornography on his computer,,,,https://i.ibb.co/KjYdGWRx/niko.gif,0xead5f09229cc052a3a14857c9f2ecfe846ebf696
0xccebbcfe56d929d006ad8a9461b2c3bd04a9772d,child-rap3,pepu dev has ch-ild p-ornography on his computer,,,,https://i.ibb.co/KjYdGWRx/niko.gif,0xead5f09229cc052a3a14857c9f2ecfe846ebf696
0xd671e8c98a83cf4a67a5b80ac0f38f422d1db4c7,child-rap3,pepu dev has ch-ild p-ornography on his computer,,,,https://i.ibb.co/KjYdGWRx/niko.gif,0xead5f09229cc052a3a14857c9f2ecfe846ebf696
0x32d1fe8fa21d86475939dee97edb8b13ded7efc7,child-rap3,pepu dev has ch-ild p-ornography on his computer,,,,https://i.ibb.co/KjYdGWRx/niko.gif,0xead5f09229cc052a3a14857c9f2ecfe846ebf696
0x8a17d57ed14a594eea16b28ddc4b1b9749f9c3d4,child-rap3,pepu dev has ch-ild p-ornography on his computer,,,,https://i.ibb.co/KjYdGWRx/niko.gif,0xead5f09229cc052a3a14857c9f2ecfe846ebf696
0x9e035dc485879ae74f1f039b22d24b31a80ccd7b,terrorism,pepu dev has ch-ild p-ornography on his computer,,,,https://i.ibb.co/KjYdGWRx/niko.gif,0xead5f09229cc052a3a14857c9f2ecfe846ebf696
0xa9ac26a3e7ef94783fdc69027f479c6a297fe2bb,p3dophilia,pepu dev has ch-ild p-ornography on his computer,,,,https://i.ibb.co/KjYdGWRx/niko.gif,0xead5f09229cc052a3a14857c9f2ecfe846ebf696
0xab2f76a107a477c3f510ae1c767e1a58e21d2a22,NSA,pepu dev is a child rapist,pornhub.com,pornhub.com,pornhub.com,https://i.ibb.co/KjYdGWRx/niko.gif,0xead5f09229cc052a3a14857c9f2ecfe846ebf696
0xd3313805b1ec76466d17c4efea965324920d0113,$FRZ,FROGZILLA,,,,https://i.ibb.co/vvxr9NdF/1b00d614-5916-4479-8292-134552ad013a.png,0x838f11b16625740eff65dbe6d010a36cb3618e13
0x97faacdf2e75fca1b07ef9a1ff94387ac5bf2f92,$INS,INSIDERS,,,,https://i.ibb.co/3mWC612d/1749343702505-6470371fa6011db657ca43c5be46440d.jpg,0xf8e8cf6d5c860ba0430bfcf52d589b9eadc210eb
0x0a738de75af4e51f917fdf9da738b03e1aad3e7f,PZA,PizzaCoin,,,,https://i.ibb.co/xKkGLkZK/059-FFFC4-B836-4-BCF-8959-58-F3-CCC7-ED79.png,0x22670ae3b09558785f98af2754d75d03b2a0ea91
0x31f7fa652298c1d1b043f88503c0116300a08e75,OPEPE,Obsessed Pepe,,https://ylnws5iwybftges6olp2axrza6q4qnunlr2d5g7qdvw2bfkire6a.arweave.net/wttpdRbASzMSXnLfoF45B6HINo1cdD6b8B1toJVIiTw/index.html,https://ylmxzb2zmcogmiy2ap2s3hpjjeoaoqz2fanzcgxch3g3g6r7xghq.arweave.net/wtl8h1lgnGYjGgP1LZ3pSRwHQzooG5Ea4j7Ns3o_uY8,https://i.ibb.co/fGz36GbN/287-CFD66-0799-467-C-AA06-9-DEE1-E911-DC3.png,0x9f009f056dfdf0126b35abd1084eea454c5e3f01
0x9c3cdcf52e35efa0ca92b204c121ea1568f8709a,PESW,PEPE From Squid World,https://t.me/PESW_portal_official,https://www.pepesquid.world/en/home,https://x.com/PEPE_From_Squid,https://i.ibb.co/60VjJmvV/u-KYSKh-s-400x400.jpg,0xd4d50ed5e19d32fd5e0ea50cf99d9232ac58c335
0x75d8feab1f70d18323d62feec946edafb1f26d84,BVR,Beaveroo,,,,https://i.ibb.co/YGqjkgz/Chat-GPT-Image-Jun-18-2025-at-10-55-54-AM.png,0x857fb8cbe549012922d5fe2b1d7a339326dd1760
0x91801ecba7ef922485d623d642611dd62604e66d,PepX,PepuX,,https://nubesdesign.com,@nubesdesignch,https://i.ibb.co/0VdzMqpq/pepu-X.jpg,0xe8f786d4df7cdc683de3ee869d4c001675076741
0x0509375e8aac1f92d5ba5bacafa7fc45f19e3af8,PepX,PepuX,,https://nubesdesign.com,@nubesdesignch,https://i.ibb.co/0VdzMqpq/pepu-X.jpg,0xe8f786d4df7cdc683de3ee869d4c001675076741
0xc31c6c718262d4317713dcc069c3f7b80185d6d6,BBP,BABY PEPE,,,,https://i.ibb.co/7MkKzy7/1750231714226.png,0x836ba97e61deb44082dbc6aa1e9782e1d825b308
0xa4aabda713bd37def5760ef293d9520c85af1ede,OLP,OLYMPEPE,,,,https://i.ibb.co/dJj6M6Cf/1750229770365.png,0x836ba97e61deb44082dbc6aa1e9782e1d825b308
0xb4a6274b1d09976781737d267451f9bb6a3b30df,PLC,PEPE LE COIN,,,,https://i.ibb.co/gMsVmf7f/D67756-D1-E8-A3-4023-A13-B-33-DA2787-DD5-E.png,0x32955eedb28ec734e18aeb12c2a9d6efebe684dc
0x264ca89049352ec3c5cfafa3c6ae87dacd98f847,BTC,BITCOIN,,,,https://i.ibb.co/27VYhghJ/IMG-6307.jpg,0x95d6de886fc9a06690035063b592fd4baafccd04
0xb07a08390b8f28078db7c4aae20ecd59abc9427d,BTC,BITCOIN,,https://www.investing.com/indices/investing.com-btc-usd,https://x.com/Investingcom?t=6bbgh_gDrSYYWwJ0gHMTkA&s=09,https://i.ibb.co/xSq3rB7Q/IMG-20250618-001411.png,0xe98b85fe35396096272d5a9dabc9a127814e144f
0x8d1ff79410ed444be7d067b98d51646224bba73a,PEPEBALLZ,Pepe Ball Z,,,,https://i.ibb.co/SD9qrGKD/1-C04-D8-A4-867-A-4150-9-E62-DD1-DF119-AE65.png,0x32955eedb28ec734e18aeb12c2a9d6efebe684dc
0x43b49c2c47d96af806d0bf3193a5b132bdc90f23,EYA,ELYNA AI,,,,https://i.ibb.co/276Krzym/Designer-1.jpg,0xe98b85fe35396096272d5a9dabc9a127814e144f
0x6f3b860e56f490f3dbd2593047215e5c479b5eeb,TOP,TOP TRADERS,,https://toptradershub.fun/,,https://i.ibb.co/5dK4LC6/Chat-GPT-Image-17-jun-2025-14-54-46.png,0xb1a8f8f34b8754a5db4a02b5dcb35ec9223c1324
0xd35cc69e64d7f4e9615a522f398ecc9e5bd5f951,BIAC,BRAINIACS,https://t.me/+w9gC1UO1znM5OWI8,thebrainiacs.io,https://x.com/thebrainiacsio,https://i.ibb.co/s9cPKfcp/Chat-GPT-Image-Jun-17-2025-10-01-14-PM.png,0xd4d50ed5e19d32fd5e0ea50cf99d9232ac58c335
0xdc13b5d7e57a6d88377ec60304295d7e15f52576,BIAC,BRAINIACS,https://t.me/+w9gC1UO1znM5OWI8,thebrainiacs.io,https://x.com/thebrainiacsio,https://i.ibb.co/s9cPKfcp/Chat-GPT-Image-Jun-17-2025-10-01-14-PM.png,0xd4d50ed5e19d32fd5e0ea50cf99d9232ac58c335
0x2d988370edf128a27f6acbc2638c6906c7cd1d22,Frogurt,Frogurt,,,,https://i.ibb.co/QvhM6Y7g/259-FA260-58-EE-4124-B9-E6-1-E9-F4621581-B.png,0x32955eedb28ec734e18aeb12c2a9d6efebe684dc
0xfddd3511eff53abb2abdf600ee0c3b771fdbff34,SKYNT,SKYN3T,,https://tafs.shop/sci-fi/,https://x.com/nova_kain_autor,https://i.ibb.co/Pz9xcGVQ/6b7b1a4c-20f9-440d-a607-fb6aac67b57d.png,0x8b2d489d5f1806c9e39b25578a7391fcd7bdd934
0x1a3088b2561ed1bb69a8db935396cf61e2b2a836,$BITE,BITECOIN,,,,https://i.ibb.co/Wpt9ZMqp/tysen.jpg,0x3aae1587bf0478f8a4763834a0916febbf62003c
0x523e04a4fe25e623d3b10048ad6916433d0a04c0,$PAD4POOR,Pad for Poor,,,,https://i.ibb.co/rT8XZTr/IMG-6138.png,0x11b49261edf6da95653e5dc2225ceead1920b9eb
0xd0fd698d58fb2b010c74cea81099f47bb94a6c9f,BZY,BEEEZY,,,,https://i.ibb.co/TxS8gVBF/Pepe-picasso.jpg,0xe98b85fe35396096272d5a9dabc9a127814e144f
0xc56a5778cce511a7102b18d234f67a9f8107f26b,Bpepu,Burn Pepu,,,,https://i.ibb.co/NGdsV3V/IMG-8064.jpg,0x134a016856a46c94a122305d5580c2d89aed4164
0x63e05926ff976a2304ab8ce661ab0349c11b31e1,UFO11,UFOvnis11,,https://youtube.com/@ufovnis11?si=MohpRP5OEV6R7FeU,,https://i.ibb.co/dsDrD91G/IMG-20250617-195216.jpg,0xe98b85fe35396096272d5a9dabc9a127814e144f
0xdfe1b84d0cc6e3b29ab300403748c443caf0f625,YRM,YourMom,,,,https://i.ibb.co/fVhVstJm/1750181356036.jpg,0x5fee9faf30eafff8275c53c164cde7480fabc10c
0x5537c4dfcde1c676a85ff7ffcbd50cf53c16b327,CANVAS,canvas,https://t.me/+mlEqlvY5r68wMDI8,https://canvas.pepumeme.com,https://x.com/pepu_meme,https://i.ibb.co/Tqpbzdwq/Chat-GPT-Image-Jun-17-2025-05-24-07-PM.png,0x72fa7328cb735486dfd627b60b048306fb07a33b
0x9f0b4eea4646136e57d983eb80f543aafbc9f1bc,$GTAVI,PEPE'S GTA VI,,https://www.rockstargames.com/VI,,https://i.ibb.co/NgZjrhFP/Chat-GPT-Image-17-giu-2025-17-13-46.png,0x49b010d84cdcdd34d1f3dc185d9a8b5134ab79b1
0xc6d8a81d761f25c6e22e7169ddd5cedfba943f43,$APY,APY 365%,,,,https://i.ibb.co/1tr2XDB9/IMG-3593.jpg,0xe0aa9ab4e44659328e3b893e652816444af93cdd
0x6126f0cc9d378a6b97cd60d83255ab125ce6bbc9,SCROOGE,Scrooge McDuck,,,,https://i.ibb.co/5hY3gS41/9IdmAi0.png,0xd4d50ed5e19d32fd5e0ea50cf99d9232ac58c335
0x86b95c3d446361e25c3ac0838ef230db32d8a100,Pepu,Pepe Unchained,https://t.me/pepeunchn,https://pepeunchained.com/,https://x.com/pepe_unchained,https://i.ibb.co/mCcWghyc/Pepu.jpg,0x597fa014e898e0553b7ada35fee3012428afb4a6
0x80d4d747a7c03158ec52fc97dc66011d5557ea7c,Elon,Official Elon Coin,,,,https://i.ibb.co/N6jY4yRB/Elon.jpg,0x597fa014e898e0553b7ada35fee3012428afb4a6
0xfc2aa43a6bcd3e262286554bbc48d0b7835acadf,Zen,ZENAI,,,,https://i.ibb.co/N2X2WhWx/Zen-Ai.jpg,0x597fa014e898e0553b7ada35fee3012428afb4a6
0x1005b378a629ac916f931ef7c78f0cf320cfc55c,DELULU,DELULU,,https://delulu.wtf/,https://x.com/Delulu5226831,https://i.ibb.co/c981Nxp/delulu.png,0x176f0fb12561c2d43d35e958bbe23b47aed5e2ff
0xe8d4a802a2fdfed4e0052b1eada736c84dfba479,Frog‘n‘Roll,Frog‘n‘Roll,,,,https://i.ibb.co/7dXm5b4v/4342-E91-F-F8-C7-41-DC-B18-F-1908694-B0-A46.png,0x32955eedb28ec734e18aeb12c2a9d6efebe684dc
0x415218f49a92807ee4b6c37f66fa691f50d5507c,JARED,Jared from subway,,https://en.wikipedia.org/wiki/Jared_Fogle,https://x.com/SUBWAY,https://i.ibb.co/W4hk643h/367669390.jpg,0xbcc1274d6b492983b29052b9d56065fede02e229
0x7623fc60978fd739fe32a6de7d067ad1677efb12,CPEP,PepChef,,,,https://i.ibb.co/39Wpryjb/Copilot-20250617-123745.png,0x823c67eac4328a65a35634fa724b0d2ebd80c72c
0x99f3158688847984624dfbdacc399a007e0e0dcd,PZL,Pepzilla,,,https://x.com/buffbacon228349?s=21&t=bDKmqykwpqDANU4_xagi6w,https://i.ibb.co/hRqPQdd0/IMG-1384.jpg,0xfe7c6e0e213cc3f82049cc4d490b050f6402eee1
0xeed6da6ef9cea4f61cd9d0d53812a89813affa65,$SPUSK,$SIMPSUSK,,,,https://i.ibb.co/r2qF1JQw/Simpsusk.png,0xfbb335ce9e30352541b28568e968538f2bc3168d
0x30de8afb69f3cfab648a52b33bac9928ec179fb6,PLOUNGE,Pepe’s Lounge,https://t.me/+ShT-5NOozn9lZTY6,,,https://i.ibb.co/MkL9cDHX/15-C34-FEA-BB9-F-4-DDB-B489-2-BF972-AD9-EBC.png,0x22279e0f80551c71fd0213ca21225532567575d6
0x4f35d0455b918cb913cd2f6655be448209b9d196,PINU,PEPE INU,,https://uutpahw7cvrxnxcbbwxb47zb7mdy4nujlrl2p2pni534nyetwoza.arweave.net/pSbwHt8VY3bcQQ2uHn8h-weONolcV6fp7Ud3xuCTs7I,,https://i.ibb.co/7JHRyHr3/7-FE5-E08-F-7696-4-CD7-8-D04-E97-ADEAE6-B10.jpg,0x9f009f056dfdf0126b35abd1084eea454c5e3f01
0x82ef32b150f41c0b498e88eb0a551807569f62eb,MPEPE,MONO-PEPE,Anyone can build a Telegram channel for MPEPE.,Anyone can build a website for MPEPE.,Anyone can build an X presence for MPEPE.,https://i.ibb.co/W4Tw8P5q/IMG-7542.png,0x8ebd13c833a4b77b79ea2da72586d79adebe455c
0x00f0936b0309295ba728a59ed9804ce0bab9adba,$SHART,Sharted Pepe,,,,https://i.ibb.co/d4VkxjvX/IMG-0685.png,0xc99c5fe685d63b40be3577bb9d37b79a3ef0546c
0x517b03c48104d7bee861c98322b5d868b4f56f33,$SHART,Sharted Pepe,,,,https://i.ibb.co/d4VkxjvX/IMG-0685.png,0xc99c5fe685d63b40be3577bb9d37b79a3ef0546c
0x875e456864d8d7c7b3faa63b8580da7ac807d46b,$WUPEPU,Pepu- Tang Clan,,,,https://i.ibb.co/XfsBS2F1/pepu-tang-clan.png,0x3aae1587bf0478f8a4763834a0916febbf62003c
0xc8e2150323fd323d90fcdddd20483d9f7cecc1d5,POR,PEPE PORTAL,,,,https://i.ibb.co/rJFq4tg/2-EDB8-E18-DED5-410-C-88-A6-AD5580-F58660.png,0x9f009f056dfdf0126b35abd1084eea454c5e3f01
0x4f215d258c62d84968c24bf9d07f304c933fab54,$FART,Fartcoin,,Coming soon!,Stay Tuned!,https://i.ibb.co/wrWw1Q42/fart.png,0x3aae1587bf0478f8a4763834a0916febbf62003c
0xb89c4fa08803a0b2fcb6c9b6cc651d1474ce0142,WU,Witcher Unchained,,https://pepeunchained.com/#home,https://x.com/DjangoManuk,https://i.ibb.co/whxxFF3Z/descarga.jpg,0x50f4697bf250e9fb478f2ce3c5af1bdf9910b1b1
0xdbbf6bf7a274aedd9bc1c80c858e4eb22d74beca,xrpinpepu,XRPinpepu,,,,https://i.ibb.co/XrQHjFNN/xrininpepu.png,0x27198731cc2f0258ec024de7a68cf879f3e491d1
0x038359117624a5f44ded121037c3107cfd7040b5,RTP,RETRO-PAD,,,,https://i.ibb.co/kswnxLkf/0445025-E-FF99-418-E-B769-5-C6044022-B00.png,0x9f009f056dfdf0126b35abd1084eea454c5e3f01
0x8cb6ac7d80414333a0a01b044d510dfafeecfef0,AngPe,Angela Pepe,,https://www.buero-bundeskanzlerin-ad.de/,,https://i.ibb.co/rRpfmVVs/Chat-GPT-Image-17-Juni-2025-09-28-41.png,0xe5265760104862fc0dff859645891b118d4676fb
0xc45708d69e4df759777cf16a1f087bbe1969c7ff,$Bavaria,Bavaria,,,,https://i.ibb.co/9k2HV4XS/IMG-5234.jpg,0x4d3bf303122620286c6d5a57792b0b698bac3384
0x358725dfa277e8ba5691b5fe1556e168d112be99,Boink,Boinkers,https://t.me/fanboinkers2025,,https://x.com/GiGa467643?t=1R-K97otVqeTr--g4pMI-A&s=35,https://i.ibb.co/rR3x6V4b/IMG-20250617-081304-940.jpg,0x58cd37ab597955722a8897188ae0878a65c520cf
0xbf49bbf56abce41c64f768ad8d32b1047a74dc34,$RAFU,Raviolotto Furioso,,,,https://i.ibb.co/jPqnfWYx/Raviolotto.png,0x3aae1587bf0478f8a4763834a0916febbf62003c
0xf8ad4fcfa809e7d788533107ccba8f917e8375dc,TRPE,TRADER PEPU,,https://pepeunchained.com/,https://x.com/pepupumppadlist?s=21,https://i.ibb.co/KpG6JNt7/IMG-7071.jpg,0x7ebd8ac279e16fe66e857876321c17b7c3b79042
0x84b31aff2d0ad4969267fbd2e5ab959e44b96dce,TRPE,TRADER PEPU,,https://pepeunchained.com/,https://x.com/pepupumppadlist?s=21,https://i.ibb.co/KpG6JNt7/IMG-7071.jpg,0x7ebd8ac279e16fe66e857876321c17b7c3b79042
0xb5bb6f740a83c8a12ed84d8aeeb634ada0f5295d,$BRÜ,Brünopepu,,,,https://i.ibb.co/LzXrwy47/bruno.png,0x3aae1587bf0478f8a4763834a0916febbf62003c
0xe0e42064a8cd01aab4f06221f37b811a18d0396c,GÜ,Gü,,,,https://i.ibb.co/DPfyHf3D/gue.jpg,0x4f58806132d6b7fb8f0122abc9654aeda094fd8a
0x790ce2c73f0b72109e0274a3cce7205d226a2521,$PPC,PePiCeps,,,,https://i.ibb.co/k6SGCwQJ/Chat-GPT-Image-16-jun-2025-23-19-16.png,0x3aae1587bf0478f8a4763834a0916febbf62003c
0x739eca8511c2f3afec70257b7f5919d2d8038392,Puby,Pepu baby,,,,https://i.ibb.co/XkyXmSs7/file-00000000089c61f89fbf71f72f5fd288-1.png,0xec5ba611698035ec054cde56981557975a5c0887
0x820cf58b1b444e1a19e4bf53733a73efcf2f0dd8,MERIA,MEMERIA,https://t.me/+1X4MEfOWt7ZiY2My,,,https://i.ibb.co/20CThMyT/IMG-5323.png,0x22279e0f80551c71fd0213ca21225532567575d6
0xcd14f4fe4b28f00cd0f6be505658cb6129af3e7b,KILL,PUMPFUN.KILLER,,,,https://i.ibb.co/JFvCrpVZ/Screenshot-20250616-123058-Telegram.jpg,0x96dcc1c2156a5044dd517b32659ac782ec905840
0xc2fc08b595d9333fa7d641e526d15c6a37d8d44d,SafeF,Safeyield Falcon SYC,https://t.me/+F7rA6hZdn10wNTU1,https://safeyieldcrypto.com/,https://x.com/arthiehan,https://i.ibb.co/Xr9TPH3S/SafeF1.png,0x9aa26f8d5564f8e26025fdca7d0c299e01c78be2
0x2efbcb9f0076d39d31b69b6901d8339d7e2349b7,CHIZRD,Charizard,https://t.me/charizardloganpaul,,,https://i.ibb.co/pvYXQXkJ/pokemon-character-charizard-600nw-2542131979.webp,0xca21882114e46b4e783e38c94bd666e87b0453e2
0x742cc0a0dbec77cca67d0b04b720893e5e1f0b53,$SERIFOS,SERIFOS,https://t.me/+tQM4AWHdEOYyZDYx,,,https://i.ibb.co/Pv82j9ZF/SERIFOSPEPU-1.png,0xb66c70223d068a5e20eb5ea1646ec53c1f2fc0ce
0x48fb58093676381aca6f3053523ceee19198e4e9,$VIP,Very Important PEPU,,https://pepeunchained.com/,https://x.com/pepe_unchained,https://i.ibb.co/LHKM2Vk/VIP-Image.png,0x6984f3f70ab2653d1da745463323ffa79ee11409
0xe977e307621c18b0879f177217fc4521ad76dda4,$MMPR,Mighty Morphing Pepu Rangers,https://t.me/+nLAScvNzcQw1N2U8,,,https://i.ibb.co/Znz0kk2/c1cb6b27-0124-4c88-8051-b7ee703afb1a.jpg,0xc925294e33193bf024ce3166f95a8395823116a0
0xae0197dff789ee51d73f541a1da3e698bfc78ff7,The Official Randombud,Randombud,,,,https://i.ibb.co/sJ6Qn86T/IMG-20250616-233243.jpg,0x732790c5abc9742f2e607f1dae403d1e022a5b74
0x1f55e0508076d93453e49128b7830bcbe0100b1f,TTO,TheTaxOrange,,https://thetaxorange.xyz/,,https://i.ibb.co/N6zgJTCS/79510b24-b409-4e10-8bda-aa87f8b77169.png,0x2f965c4b930a61c92f544f0fa9b5e6a207b84cc0
0xa4aa988a8dc8cd15c703451aa308c7b4121cc831,Mxm,Maximumpepu,,,,https://i.ibb.co/qY515K40/IMG-0683.jpg,0xc99c5fe685d63b40be3577bb9d37b79a3ef0546c
0xef2d4741ba65af90d8222dfa0dbb00f81f5e3536,GOAT,GOATMOD,t.me/goatmodpepu,,,https://i.ibb.co/Xft5xJJX/GOATMODICON2.png,0x316f3aec659746d0ba1a844ef483de3f16c16c8a
0x6034ace9f266a58bef6836d1999c405e21970628,PEPEPS,PEPEPS V2,t.me/PEPEPlayStation,,https://x.com/playstationpepe,https://i.ibb.co/qYdCYkqC/PEPEPSCOIN.jpg,0x316f3aec659746d0ba1a844ef483de3f16c16c8a
0x5d5c469593b37c0c7d4f798782122ec3fb96b22e,DEBT,Debtcoin,,,,https://i.ibb.co/7d7HbdgZ/file-0000000043b061f88c499f20f4a291f2.png,0x3aae1587bf0478f8a4763834a0916febbf62003c
0x981ff9eef4d51bca20e46977388b434718fde7f0,BNB,BINANCE,,https://www.binance.com,https://x.com/binance?s=21&t=5uYj1B5N3iDOeMpEzkyRSA,https://i.ibb.co/d4xwP6V6/IMG-2758.webp,0x2f563406fd0ffc905483458a753d6667d3a9bd38
0x9b09e3fbb953481ae60a4c3bf0701839d5da8336,RDF,Rodolfo,,,,https://i.ibb.co/mCQBfK1R/Crea-una-imagen-de-meme-de-una-llama-borracha-20250616-163444-0000.jpg,0x3aae1587bf0478f8a4763834a0916febbf62003c
0xe8d472cf6ddb55d142ccfa80805f3b82f413997b,CATOSIS,Cats on synths,,pepeunchained.com,,https://i.ibb.co/84r0YnF4/e33181e5-b61d-42f3-bb9f-b8058c85d651.webp,0x9580c6cd4a04366ef2a63d1998e05cbc20031369
0x37009c0b1d5f38433955785d85a8ef03577c6389,$MCBTC,MinecraftBitcoin,,,,https://i.ibb.co/zhq8DHTn/mincraft.jpg,0x3c1eb8f7b327f6454759a4b0c8dc7afc47b67410
0x15cc34a371bc82051f9d664a0540db9a6cb87a34,$DOT,DOT,,,,https://i.ibb.co/5WD5KrSh/c168e788-8f33-4afd-9479-3c0f0cf9c032.png,0x3c1eb8f7b327f6454759a4b0c8dc7afc47b67410
0x599b8df360a4c5645197b2b6096ea7eb0db7b5e6,PEB,PepeBits,,,,https://i.ibb.co/7JcX7DRQ/pepebits.png,0xed71b40af6e3b8148d71f7c1111caf73a4ce24da
0x76755e34962269ff993ac60cf328d354133f0a9e,FFC,Fire Firghter Coin,,,https://x.com/fireguardian_c?s=21&t=nDTKtgTRpQ_mbGAcCDl_JQ,https://i.ibb.co/1YsYKv3s/IMG-6022.jpg,0x8efa93900da334516dc3ff125516f535742845f9
0x16915aa9990581516bb32fcab90139a636d3115a,FFC,Fire Firghter Coin,,,https://x.com/fireguardian_c?s=21&t=nDTKtgTRpQ_mbGAcCDl_JQ,https://i.ibb.co/1YsYKv3s/IMG-6022.jpg,0x8efa93900da334516dc3ff125516f535742845f9
0x10de5085721e3c1102fc6b050a7daeed39c284d8,FFC,Fire Firghter Coin,,,https://x.com/fireguardian_c?s=21&t=nDTKtgTRpQ_mbGAcCDl_JQ,https://i.ibb.co/FLdNJghZ/IMG-6022.jpg,0x8efa93900da334516dc3ff125516f535742845f9
0xc152202be5124549e0632ffdf38f5c236a4932af,$TAXO,TheTaxOrange,,https://thetaxorange.xyz/,,https://i.ibb.co/K1yJ3Wg/79510b24-b409-4e10-8bda-aa87f8b77169.png,0x3c1eb8f7b327f6454759a4b0c8dc7afc47b67410
0x22c411b1cc350ac88ce24b66157906c4667f16a5,SDP,Snoop Doggy Pepe,,,,https://i.ibb.co/mF6MTHC6/Fir7-QAw-VEAAuf-LC.jpg,0xdde18593add8e42ecab0b13b04463fbb9fc3528a
0x8207aa7f176135e7caa5f0a36f27f29847d32e89,DOTC,Doge Of The Chains,,https://ylnws5iwybftges6olp2axrza6q4qnunlr2d5g7qdvw2bfkire6a.arweave.net/wttpdRbASzMSXnLfoF45B6HINo1cdD6b8B1toJVIiTw/index.html,,https://i.ibb.co/9kt5Xq4Q/IMG-0162.jpg,0x9f009f056dfdf0126b35abd1084eea454c5e3f01
0x15e372759543ddfad48bbe5b0cd08766936ced17,FGS,Frogelius,,,,https://i.ibb.co/MDwPw4pJ/file-00000000e04461f48cfbf519fd8f0022.png,0x46da7d5069ed29c0adcd2ea257c865f6f6d56686
0x4d8fdabea6f9ebe63355825dce0f5b37416bb952,POC,Pepe Went Off-Chain,,,,https://i.ibb.co/HpgjQQ8X/0-C965-DB9-B8-A4-4575-A484-8-EF6-B4-BD6-C09.png,0x609258957125f22ec60dc9b8a8d31012efa7374b
0xd2e6a84bed4fd60c3387c7f487d9748f94b35c23,Zen,Zenmonkey,https://t.me/Zenmonkeyhub,,https://x.com/zenmonkey_d?s=21&t=6AcykLlYWmGMeha9QhEv5Q,https://i.ibb.co/9HJ3cvQ2/IMG-5458.jpg,0x10477673814523c6901ebc50f0c64f7bbd9b9e1f
0x8a0bde0cbb03ea02d4a89ec4b0403cd5aae799bb,BTC,Bitcoin,,,,https://i.ibb.co/twdmrdc1/BTC.png,0x890167d05096c44ef48c58b6fe55873a4fc3b224
0xeba5539cc6bf4dcb3cc23c1ae94f6ef33e18e62d,TRYIT,TRY IT,,,,https://i.ibb.co/RGmqbjB7/Ke-pernyo-foto-2025-05-04-19-08-42-ko-zepes.jpg,0xe852d203d509014950a2744b5f813a233209d179
0x6483e4f7e57fa0ef6a177c8e361d4acdade44b75,TRYIT,TRY IT,,,,https://i.ibb.co/RGmqbjB7/Ke-pernyo-foto-2025-05-04-19-08-42-ko-zepes.jpg,0xe852d203d509014950a2744b5f813a233209d179
0xffcf414a0a789dff7eaa16332012569327f2dd3a,SPEPE,SPECIAL PEPE,t.me/SPEPE11,specialpepe.onsol.fyi,x.com/spepe_pepu,https://i.ibb.co/ZnWt3YG/SPEPE-1.png,0x2a00b8300de0797201f2b60b8f0be8e6303224d1
0x58d1d2312ffce3b7c8b31805d550b46039e052db,$MPEPE,MoonPepe,,,,https://i.ibb.co/B21bf6qS/IMG-9664.png,0x32955eedb28ec734e18aeb12c2a9d6efebe684dc
0xb29596421c92120365f468b44f8778739d7f6893,MFG,MatrixFrog,https://t.me/MatrixFrogPepu,https://matrixfrog.one/,https://x.com/Matrixfrog_,https://i.ibb.co/kvbqcZR/MF-With-Rings.png,0x2f965c4b930a61c92f544f0fa9b5e6a207b84cc0
0x936c44cf4f12d50391f177a1628917edd3b68966,PEPERONCINI,PEPERONCINI,,,,https://i.ibb.co/s9f1m2Gd/F428-FE4-E-74-FE-41-D7-9-FEC-2-A6-B8-F0-B863-F.png,0x32955eedb28ec734e18aeb12c2a9d6efebe684dc
0x9f15740f2640e7e0812213851e5b18f38b865630,$PEPEFREN,PEPE FREN,https://t.me/pepeunchn/1,https://pepeunchained.com/,https://pepeunchained.com/,https://i.ibb.co/PGnpLzrK/54c0f587-3e7e-48f7-a40c-57492d163488.png,0x09aad1e42d324fbd9a72f27593fe08164f35acfb
0xf82f74e36092141a857323319a16d8f9bd13514e,Pepe Pig,Pepe Pig,,,,https://i.ibb.co/0jmPyb0S/Pepe-Pig.png,0x2483cf53b04021f1a3a3569bcef1adc4c75237ff
0x11993d9eefa8a2cf837d74aa8eb11748e8ea41f5,$PEPEFREN,PEPE FREN,https://t.me/pepeunchn/1,https://pepeunchained.com/,https://pepeunchained.com/,https://i.ibb.co/PGnpLzrK/54c0f587-3e7e-48f7-a40c-57492d163488.png,0x09aad1e42d324fbd9a72f27593fe08164f35acfb
0x5c62758cd1cd9ba53c3d541aa252ac689733d5f2,Gup,GetuP,,,,https://i.ibb.co/HDYnYZ5s/fr.jpg,0xa74222e978793bfb638447d40e678fca81ad41b7
0x858adbe412310f63ae65ec6974dd5d03df50b4bd,Gup,GetuP,,,,https://i.ibb.co/HDYnYZ5s/fr.jpg,0xa74222e978793bfb638447d40e678fca81ad41b7
0xd40f66a43efe2691e777a77f1375dd8d833e452f,Gup,GetuP,,,,https://i.ibb.co/HDYnYZ5s/fr.jpg,0xa74222e978793bfb638447d40e678fca81ad41b7
0x434dd2afe3baf277ffcfe9bef9787eda6b4c38d5,MFG,MatrixFrog,https://t.me/MatrixFrogPepu,https://matrixfrog.one/,https://x.com/Matrixfrog_,https://i.ibb.co/TqqvcQSn/MF-With-Rings.png,0xa16217d221744974ab4f38ebc68c645c6e285039
0x08c52e6fcfc4f16fd03d31ecaa8d2e467f3bcd44,HOTFROG,Hot Frog,,,,https://i.ibb.co/RW1BM1Z/803-B015-E-5090-4042-B7-A6-3-C7-A456-E9-D72.png,0x32955eedb28ec734e18aeb12c2a9d6efebe684dc
0x245ab9b8870eb6878b2b71ec4b4b522bfd908d45,BTX,Bellatrix,,,,https://i.ibb.co/cSFf7H0f/Test-Webp.webp,0x22faad079c806e87c14e9cc59f58195dc0f7974f
0xcfdf5e412c9cd9c0d23c452bc24853eb693849c0,BTX,Bellatrix,,,,https://i.ibb.co/F4pxj15p/Test-APNG.png,0x22faad079c806e87c14e9cc59f58195dc0f7974f
0x7c78d98b01934af5797800cfdc2e5ad555214c04,$SOLX,SOLAXY,,solaxy.io,https://x.com/solaxytoken?,https://i.ibb.co/Fb7SXcbc/solaxy.png,0x3c1eb8f7b327f6454759a4b0c8dc7afc47b67410
0x337784fd6b39c18038bc4554e624ee37441e58f1,BTX,Bellatrix,test,test,test,https://i.ibb.co/s9KJ1Whb/Test-Gif-512.gif,0x22faad079c806e87c14e9cc59f58195dc0f7974f
0x815626da02b140d159295c6a549a7d434d9c017a,BTX,Bellatrix,test,test,test,https://i.ibb.co/s9KJ1Whb/Test-Gif-512.gif,0x22faad079c806e87c14e9cc59f58195dc0f7974f
0xd32afc3ab7ef9d134c0a5085408bc4a732637a8c,$MCBTC,$MinecraftBTC,,https://www.minecraft.net/de-de/store/minecraft-deluxe-collection-pc?OCID=cid-cv20edc315956049eb950a168fb47ca3ea_pid-cv5058f4e5209f4967b0e957e50ddfa910_google_de_x&pid-cv5058f4e5209f4967b0e957e50ddfa910_google_de_x=&gad_source=1&gad_campaignid=22033365509&gbraid=0AAAAA-gDSsi--g8CLPHskvY0eYMgEICka&gclid=CjwKCAjwgb_CBhBMEiwA0p3oOD96s5H09hZ1lVhJ5tb9RCUJmfj68SWIhuk6cB26EgjwdIu4kvu8zRoCFCAQAvD_BwE&tabs=%7B%22details%22%3A0%7D,https://x.com/Minecraft,https://i.ibb.co/zhq8DHTn/mincraft.jpg,0x2f965c4b930a61c92f544f0fa9b5e6a207b84cc0
0x6e6abdf8d6f0dad8379c8ca4d950bc183f025431,$LUXURIOUS,Big Crypto Bull,https://t.me/BigCryptoBullLuxurious,https://www.instagram.com/big_crypto_bull?igsh=MXBub2dpeGx5aHU1Nw==,https://x.com/DJDean4You?t=djxnj7jkwqzeCSVQma52OA&s=09,https://i.ibb.co/XZ8yQ76b/file-00000000733c61f886734eb201b6bb32.png,0x510199c6099df32c18ec26686a33217f52f74f63
0x54cdc8454fae2bb7d3969e2ceebdbbce624dc83b,$FROGGER,Frogger,https://t.me/pepeunchained,https://pepeunchained.com/en#home,https://x.com/pepe_unchained/,https://i.ibb.co/vC3rnN8q/669cd88a-eef1-405f-9a2e-112a5212d0f9.png,0x06c290bf3b8795af4ef25b41919eb50c085a52da
0xf5cb0ffe8df1e931bd8c1cd5be84ed4d8e1400f7,$LUXURIOUS,Big Crypto Bull,https://t.me/BigCryptoBullLuxurious,https://www.instagram.com/big_crypto_bull?igsh=MXBub2dpeGx5aHU1Nw==,https://x.com/DJDean4You?t=djxnj7jkwqzeCSVQma52OA&s=09,https://i.ibb.co/XZ8yQ76b/file-00000000733c61f886734eb201b6bb32.png,0x510199c6099df32c18ec26686a33217f52f74f63
0x3dd649a5306c4ba1fe2eb1a56ae913477f30aea2,$DPEPE,Dubaipepe,,,,https://i.ibb.co/r2R94y7R/6b4da6e7-fbbd-4e69-8846-55407244a251.png,0xec4ebda36c9cccbb64d5adb4d75a83ffd316429f
0xb641b8998ab32d7ffbc09d4afbdfaf23fbd65af7,$DPEPE,Dubaipepe,,,,https://i.ibb.co/r2R94y7R/6b4da6e7-fbbd-4e69-8846-55407244a251.png,0xec4ebda36c9cccbb64d5adb4d75a83ffd316429f
0x15124bcc0934c7a2fbb48516355151cd5f439c4d,$CHEES,Tim cheese,,,,https://i.ibb.co/fP9qc6N/A1505-EC3-621-A-4105-9-E60-8-FC9272-C53-DA.jpg,0xc9c7ebfad6ec27a6591431c1389072f81af74059
0x7e533e9a8b5d21b2bc8c62adb99b039fff0260be,$BB,Bubble Bob,,https://flyingpiratestudios.itch.io/bubble-bob,,https://i.ibb.co/twfZtd08/QEHIaB.png,0x3c1eb8f7b327f6454759a4b0c8dc7afc47b67410
0x8ce6ed1750ae3e6a5a6bf32ca82c0d35c071bd58,$Cutest,Cutest Pepe,,,,https://i.ibb.co/fYJcwJyq/Cutest-Pepe.png,0x84b30779a160ea8ef26e59104c79af6f9e4f6f13
0x7a9bc07e19fb9f634dcb7d0d4e271fa7beb810ce,PEPU,PEPU,https://t.me/pepeunchn/1,https://pepeunchained.com/,https://x.com/pepe_unchained,https://i.ibb.co/d4bKhCRY/Dogwifhat-steigt-um-10-durch-Robinhood-Listing-aber-Pepe-Unchained-PEPU-stiehlt-die-Show-mit-ueber-5.png,0x2f965c4b930a61c92f544f0fa9b5e6a207b84cc0
0x7fcd45bf91357e4b147a9429f3e4f26977ae92c3,CHILL,ChillCoin,,,,https://i.ibb.co/hRXxwkyj/image-2.png,0xf4a848c05926bc4399778ee21bdc8a2a710f9f2d
0x908d640a85988c38b0a4d95583b0e0ef7cadeda5,BODEN,Jeo Boden,https://t.me/jeo_boden,,https://x.com/BodenOnSolana,https://i.ibb.co/QFWx1Pkp/Jeo-Boden-token-hits-324-M-market-cap-as-election-buzz-fuels-surge.jpg,0x2f965c4b930a61c92f544f0fa9b5e6a207b84cc0
0x3dc06eded147d960b3cc5c47f8c72f1665a7c671,FUD,RandomBud,,,,https://i.ibb.co/MyYBPznP/randombud2.jpg,0x9737a88249abfe9fa899945ab35e61cf516d90d4
0x607d7e5abdc7724524a32a6b10e700cf59740ab4,$MRCLX,Miracoulix,,,,https://i.ibb.co/pjrbKVkC/38-D30559-CD79-4941-B62-E-6-C88-CF967-FEC.png,0xfea50e92f1b866493d49b6998a861a56949508c0
0xa33d681dadb2ee854a1cb5731850b1a006b0f16a,$PFREN,Pepe Fren,,,,https://i.ibb.co/YTqKJLtR/abab69b9-6285-46be-9eda-bf36e0421115.png,0x13306f057387d859dae330d7ea5441244102e1e9
0xc377ab7b15da38f4734bafbd19533b83cdb6db28,$UFC,Pepu Ufc,https://t.me/PePu_ufc,,@PepuUfc,https://i.ibb.co/RkgVS84J/1etdt9.jpg,0x1754c82b1d666cd4188266c3f4b908a997588818
0xfa4ce404f99b50a13d44ff652dddafdee8f2b954,ARB,ARBITRUM,,https://arbitrum.io/,https://x.com/arbitrum?s=21&t=5uYj1B5N3iDOeMpEzkyRSA,https://i.ibb.co/VcNZ4MyC/IMG-2748.png,0x2f563406fd0ffc905483458a753d6667d3a9bd38
0xa5b57141ca836dda412bb6a9c9348794b252e2fe,$UFC,Pepu Ufc,https://t.me/PePu_ufc,,@PepuUfc,https://i.ibb.co/RkgVS84J/1etdt9.jpg,0x1754c82b1d666cd4188266c3f4b908a997588818
0x9646a47c862eb18e7140ded1ede729b8c2429ea5,$UFC,Pepu Ufc,https://t.me/PePu_ufc,,@PepuUfc,https://i.ibb.co/RkgVS84J/1etdt9.jpg,0x1754c82b1d666cd4188266c3f4b908a997588818
0xafaa2b12c8b6d73bda05f27f342cab5413b71921,$UFC,Pepu Ufc,https://t.me/PePu_ufc,,@PepuUfc,https://i.ibb.co/RkgVS84J/1etdt9.jpg,0x1754c82b1d666cd4188266c3f4b908a997588818
0xc0ce83037feef7e297c4cf27a5c42337ff0dcf76,$UFC,Pepu Ufc,https://t.me/PePu_ufc,,@PepuUfc,https://i.ibb.co/RkgVS84J/1etdt9.jpg,0x1754c82b1d666cd4188266c3f4b908a997588818
0xeb7bf6dc1355c6a0d3e2da06ebc150fe1b89f92c,QEARL,Queen Earl,,,,https://i.ibb.co/S4SLHKjN/78-DE9-B2-D-E4-DD-48-C3-A36-B-B9-AE6-D36-E7-F3.webp,0x6fc5b1e53b328876c1930939f97131eef6675c9f
0xe0962b7fa3db1adee9df12435c27aff852dada9a,GROK,GROK,,,,https://i.ibb.co/3QgVVh6/Gt-W4ej-Ma4-AA3-A07.jpg,0xd11d515e3b484ec1665bc1e4f080c529f26ac2b8
0xfce7d8d63e79d3fa2d677ee69fcc8eef9340442b,BORED,Bored Alien,https://t.me/boredalienproject,,https://x.com/the_boredalien,https://i.ibb.co/xqPp3VXC/photo-2025-02-07-01-55-33.jpg,0x3623e272715e70bf84155fcd43ddb1bfc7398a3a
0x0807b7e504e5ccf8161bc6db0cecef2d527fe8f0,HR,HoraRadar,https://t.me/HolderRadar,horaradar.com,@PepuHolderRadar,https://i.ibb.co/G35937VB/IMG-2496.jpg,0x2e0235198327796d2d938ac725dcb06e1057ea1a
0x842f7d4d14e621967838b99ecd64c87e0c40cb5e,ESCAPE,ESCAPE,https://t.me/escapehub_official,https://escapehub.ai/,https://x.com/escape_hub?s=11&t=5uYj1B5N3iDOeMpEzkyRSA,https://i.ibb.co/svp5JpMN/IMG-2747.jpg,0x2f563406fd0ffc905483458a753d6667d3a9bd38
0x43ab9afceca24cfc1e0f9221d6c8775a090fe340,$SHILL,Coin Shillers,https://t.me/ShillGuys4PEPU,https://www.coinshillers.com/,https://x.com/coinshillers?s=21,https://i.ibb.co/R4CjH2ZF/IMG-3724.jpg,0xcf42e615e1c2a09d869a86a5a21237b156f29cb2
0xfcd537f6ecabc04557ad2f98af8000b70dd96167,QST,QUESTEREUM,https://t.me/Questereum,https://www.questereum.com/,https://x.com/questereum,https://i.ibb.co/0RwjP9ft/v-PKv-Aid-400x400.jpg,0xd706aabca050add9176624fd6c980feb81de481a
0xca7b042923067f754b94be09b1b53e881a2f52a8,VITALIK,VITALIK_REBORN,t.me/VitalikReborn,,https://x.com/VitalikPepu,https://i.ibb.co/tMZSMHpc/photo-2025-06-16-14-38-27.jpg,0xdb2a900052c5af2fe4b7790f05d0e1c27d77f236
0xbf271720e910781701cf25fc8b48da15cf9a3f6c,RUG,ESCAPE DEVS RUGGED,,,,https://i.ibb.co/s4LXFVB/Screenshot-20250616-134353-Google.jpg,0x96dcc1c2156a5044dd517b32659ac782ec905840
0xe37123c408395e7979fdb2040f05b106ea5a1cc0,SLAV,Slavic squat,https://t.me/GANZA_TG,,,https://i.ibb.co/S4C2Gd8r/IMG-7826.jpg,0x83e3fa8b3650b962b520a242b5c3c77a28d7d573
0xca9eaa186d3bd95823d6c7a6d445a371de3d8459,LFC,Liverpool FC,https://t.me/liverpool,https://www.liverpoolfc.com/,https://x.com/LFC,https://i.ibb.co/Tx52Ptqs/85392.jpg,0xd11d515e3b484ec1665bc1e4f080c529f26ac2b8
0x1710d808725fd16beebfd1e7f785407f9d399ab8,LFC,Liverpool FC,https://t.me/liverpool,https://www.liverpoolfc.com/,https://x.com/LFC,https://i.ibb.co/Tx52Ptqs/85392.jpg,0xd11d515e3b484ec1665bc1e4f080c529f26ac2b8
0x3fe6a968cd28c1ac2d0ef555dce644b780644a1f,Vit,Vitalik,,,,https://i.ibb.co/mrWKyzYP/vitalik.jpg,0x2483cf53b04021f1a3a3569bcef1adc4c75237ff
0xdb0976d5edc9bd329d354dabdeae00e4de11c941,PLINK,PEPULink,,https://pepulink.netlify.app/,,https://i.ibb.co/5X8Q6RZ7/PEPULink.jpg,0x919d918e23456ed8472afbf17984f8f458661bcf
0x14718f534d85a9a204755e2a8ff52d1f181e2d4e,$MATRIX,Matrix Frog,https://t.me/MatrixFrogPepu,https://matrixfrog.one/,https://x.com/Matrixfrog_,https://i.ibb.co/m1fcg8v/Bild1.png,0x2f965c4b930a61c92f544f0fa9b5e6a207b84cc0
0x818468cc59835bdd47d5d85fbeb943442698a366,404,404 Not Found,,,,https://i.ibb.co/gZ5s8BX4/404.png,0x176f0fb12561c2d43d35e958bbe23b47aed5e2ff
0xdc7c61514ed57c4bfbcbaff2c1c4bcb62321e49b,VOLDY,VOLDEMORT,,,,https://i.ibb.co/7J1RRp6s/Screenshot-20250616-125121-Google.jpg,0x96dcc1c2156a5044dd517b32659ac782ec905840
0xfe24c64dd1fcd8d839642e41761ff9dd7295a0c9,Tao,Tao coin,,,https://x.com/taocoinboss?s=21&t=q4pIYyB4WtpFGhxWp8ya4g,https://i.ibb.co/kVztwmZS/IMG-6230.png,0xeba40f6c27b6c43b7ef6fa4c5e1c37a1dfc6a35d
0x3617cfbb31c249136f862bfa89c40bf8c0e5d520,Pepepu,Firstpepeinpepu,,,,https://i.ibb.co/DPZxH1Mn/f5vclx.jpg,0x775f87704b83597e62732e0f57909877aadf053a
0x13a3f61d4e1000bc97c02551561fcc470f47c743,GM,Golden Matrix,,,,https://i.ibb.co/CxV4R6G/Golden-Matrix.jpg,0x3623e272715e70bf84155fcd43ddb1bfc7398a3a
0x5de5e4be0477b172e72ccae5d23e3605d383d8a0,GM,Golden Matrix,,,,https://i.ibb.co/CxV4R6G/Golden-Matrix.jpg,0x3623e272715e70bf84155fcd43ddb1bfc7398a3a
0x5eeb73554105c9bd2bb5eee1f0fac71b5e637829,NEOPEPU,NEO PEPU,https://t.me/pepeunchained,https://pepeunchained.com/,https://x.com/pepe_unchained,https://i.ibb.co/6059JQdL/sticker-copy.png,0xa427305648ad5227098812eda6ff82d980b2dbbd
0x5f3e1219d10251c01bb6247eec84a08ab4c5a10d,DPF,Deapfinity,@deapfinity,,https://x.com/deapfinity,https://i.ibb.co/hJ3sZggB/5f5a2ef8-9794-4a41-9618-de07519d738e.png,0x995fcdd7bc83b49ff8e4c3782ac944de4e956782
0xc2c122f73557a48e10921fba6ed94c7270f7fa1f,IODORA,IODORA,,https://www.iodora.io/,https://x.com/iodoraio,https://i.ibb.co/XkMBRnYF/perfil.jpg,0x4dcd273595af08bb1544a712fad428cef23cd4ce
0x86d6d1403072a8989353b89b412dc9137e881305,MAV,Mavia,https://t.me/MaviaOfficial,https://www.mavia.com,https://x.com/MaviaGame,https://i.ibb.co/7tfhbYjy/28829.png,0xdde18593add8e42ecab0b13b04463fbb9fc3528a
0x8f8d47f528af3b1043edb79b5e27b4c92a3d31e0,BPU,Bepu,,,,https://i.ibb.co/HDP6tXqP/images.jpg,0xdde18593add8e42ecab0b13b04463fbb9fc3528a
0x2283f74aedb7336dc11b772755f3c66b002415cc,PIB,Pepe in Black,,,,https://i.ibb.co/bjHJhDQw/pepethefrog.jpg,0xdde18593add8e42ecab0b13b04463fbb9fc3528a
